pdb,ok,coord_atoms,coord_rmsd_vs_ref,pair_dist_rmsd_vs_ref,metal_fit_residual,angle_rmsd,lone_pair_dev,water_clash,water_min_dist,water_blocker,shell_hbond_n,shell_hbond_dist,shell_hbond_angle,shell_hbond_resid,pocket_hydrophobic,pocket_polar,pocket_ratio,escape_frac,metal_source,nb_status,pass
r3_id08_83q_model_0.pdb,True,NE2/NE2/ND1,,,0.08870136826929473,12.518250991270627,12.02601926420754,2,1.4972774482818332,GLN54/NE2,1,2.9796917011747492,90.603113370178,GLN54/OE1,12,31,0.27906976744186046,0.0,explicit,ok,False
r3_id08_83q_model_1.pdb,True,NE2/NE2/ND1,,,0.09793335380324066,7.548023283631894,15.242587038365302,4,1.1715406973930496,GLN54/OE1,0,99.0,-1.0,,13,32,0.28888888888888886,0.0,explicit,ok,False
r3_id08_83q_model_2.pdb,True,NE2/NE2/ND1,,,0.3056773348205659,29.66734099325255,17.390236683222657,5,1.6077208693995593,GLN54/NE2,1,3.3471411889998346,109.19044540160327,GLN124/OE1,5,30,0.14285714285714285,0.0,explicit,ok,False
r3_id08_83q_model_3.pdb,True,NE2/NE2/ND1,,,0.06523988279825761,7.967643512734669,24.21606689898391,5,1.2973887612958919,GLN54/NE2,0,99.0,-1.0,,13,33,0.2826086956521739,0.0,explicit,ok,False
r3_id08_83q_model_4.pdb,True,NE2/NE2/NE2,,,0.24581192474310398,25.62672566713814,14.27994274249354,5,1.6981685810402989,PRO136/CB,1,3.1880365713619074,133.0405967500391,PRO136/OXT,16,28,0.36363636363636365,0.0,explicit,ok,False
r3_id09_83a_his121_model_0.pdb,True,NE2/NE2/ND1,,,10.767700764429321,26.79479369656737,41.39185427904778,2,2.1622927374580145,LYS56/CE,0,99.0,-1.0,,0,22,0.0,0.0,explicit,ok,False
r3_id09_83a_his121_model_1.pdb,True,NE2/ND1/ND1,,,4.006087251881834,37.37705363612132,66.129173247962,1,2.530105954666598,GLU52/OE2,0,99.0,-1.0,,7,15,0.3181818181818182,0.1953125,explicit,ok,False
r3_id09_83a_his121_model_2.pdb,True,ND1/NE2/NE2,,,7.420881437649192,62.86961677519075,97.8945639925812,3,2.8750891378457597,GLU52/OE1,0,99.0,-1.0,,21,21,0.5,0.0546875,explicit,ok,False
r3_id09_83a_his121_model_3.pdb,True,NE2/NE2/ND1,,,5.00844146379126,37.20228023090199,48.79990064809019,0,3.299656461235615,,0,99.0,-1.0,,10,11,0.47619047619047616,0.390625,explicit,ok,False
r3_id09_83a_his121_model_4.pdb,True,ND1/NE2/NE2,,,5.641658027330028,53.872153555959365,53.43458652055884,6,1.7450017570845273,LYS65/O,0,99.0,-1.0,,19,26,0.4222222222222222,0.0,explicit,ok,False
r3_id11_83a_his_clean_model_0.pdb,True,NE2/NE2/ND1,,,0.03581980135780877,5.997912251781412,21.75634882408289,0,2.80168125417768,,1,2.80168125417768,116.79396601581666,GLN54/NE2,6,20,0.23076923076923078,0.1015625,explicit,ok,False
r3_id11_83a_his_clean_model_1.pdb,True,NE2/NE2/ND1,,,0.04215983546230815,13.436986146357667,19.278901727640633,0,2.4393480364552786,,2,2.4393480364552786,101.4633534810292,GLN54/NE2,11,25,0.3055555555555556,0.0,explicit,ok,False
r3_id11_83a_his_clean_model_2.pdb,True,NE2/NE2/ND1,,,0.12565690966756451,4.996552282147433,32.79937132403612,0,2.6932485935156354,,1,2.6932485935156354,138.05332886170885,GLN54/NE2,7,19,0.2692307692307692,0.0234375,explicit,ok,False
r3_id11_83a_his_clean_model_3.pdb,True,NE2/NE2/ND1,,,0.2094729520788261,15.069842882056273,32.39606247790976,2,1.909733270189879,GLN54/NE2,1,2.502016255815919,133.4563414589971,GLN54/OE1,11,23,0.3235294117647059,0.0,explicit,ok,False
r3_id11_83a_his_clean_model_4.pdb,True,NE2/NE2/ND1,,,0.25936089021949216,9.995734097204746,50.21446747303816,4,1.632636162988945,GLN54/NE2,0,99.0,-1.0,,11,24,0.3142857142857143,0.0,explicit,ok,False
r3_id13_111t_82k_model_0.pdb,True,NE2/NE2/NE2,,,0.1475374826663606,19.636614205726328,35.70676845133598,4,1.8905585914473575,GLN124/OE1,1,2.413826741619653,116.78912664836446,GLU52/OE2,2,29,0.06451612903225806,0.0,explicit,ok,False
r3_id13_111t_82k_model_1.pdb,True,NE2/NE2/NE2,,,0.17468983531252194,22.4680721236994,50.239253351727335,5,2.051936787073957,GLN54/NE2,2,2.533052056794282,109.35855752750328,GLN54/OE1,7,25,0.21875,0.0,explicit,ok,False
r3_id13_111t_82k_model_2.pdb,True,NE2/NE2/ND1,,,0.12164787314226874,12.583851990138157,16.842344552405915,1,2.508448520081391,HIS81/CE1,1,2.508448520081391,122.97763678368918,GLN54/NE2,1,24,0.04,0.0,explicit,ok,False
r3_id13_111t_82k_model_3.pdb,True,NE2/NE2/NE2,,,0.3231217729066855,13.256064157030885,35.41769898973596,4,1.1035064543482829,GLN124/CD,0,99.0,-1.0,,1,34,0.02857142857142857,0.0,explicit,ok,False
r3_id13_111t_82k_model_4.pdb,True,NE2/NE2/NE2,,,1.8096630513833631,27.083380745887517,48.646729293568875,4,1.4594882689757271,GLN124/CD,0,99.0,-1.0,,2,32,0.058823529411764705,0.0,explicit,ok,False
r3_id4_83s_111p_model_0.pdb,True,ND1/NE2/NE2,,,0.2510025098281795,16.153680245891866,31.214867121707982,0,3.711194559707638,,0,99.0,-1.0,,3,21,0.125,0.171875,explicit,ok,False
r3_id4_83s_111p_model_1.pdb,True,ND1/NE2/NE2,,,0.08681125588483325,8.752569028928898,13.533657897676425,0,3.931142117337755,,0,99.0,-1.0,,1,23,0.041666666666666664,0.1953125,explicit,ok,True
r3_id4_83s_111p_model_2.pdb,True,ND1/NE2/NE2,,,0.2596805812369912,4.541458838805294,21.153038249380177,0,3.8810644127680884,,0,99.0,-1.0,,1,20,0.047619047619047616,0.171875,explicit,ok,False
r3_id4_83s_111p_model_3.pdb,True,ND1/NE2/NE2,,,0.212403334016099,7.547378768228478,21.53052888077634,0,3.7688004400493638,,0,99.0,-1.0,,1,22,0.043478260869565216,0.1640625,explicit,ok,False
r3_id4_83s_111p_model_4.pdb,True,ND1/NE2/NE2,,,0.15241305321913734,9.00996084754678,15.148237868227945,0,3.3165357834535167,,0,99.0,-1.0,,2,21,0.08695652173913043,0.140625,explicit,ok,False
fold_r2_id05_holo_model_0.pdb,True,ND1/NE2/NE2,,,1.9563080451646622,44.66675533136575,48.62838482565092,4,1.702850179445251,GLU83/CD,1,2.6158907700093543,127.98146839092801,GLU83/OE2,15,30,0.3333333333333333,0.0,explicit,ok,False
fold_r2_id05_holo_model_1.pdb,True,ND1/NE2/NE2,,,2.2591631274283714,16.02710324262213,45.99213978555192,2,1.3614048339924905,GLU83/OE1,1,2.8759202474727137,112.84813692149075,GLU83/OE2,22,33,0.4,0.0,explicit,ok,False
fold_r2_id05_holo_model_2.pdb,True,ND1/NE2/ND1,,,3.408361341152937,47.03294949335342,48.8342740403466,5,1.674912413314381,GLU83/OE1,1,2.5648524988750254,122.69839205282265,GLU83/OE2,20,31,0.39215686274509803,0.0,explicit,ok,False
fold_r2_id05_holo_model_3.pdb,True,ND1/NE2/NE2,,,3.1457141849741728,14.316653086924429,71.72020876718618,0,3.077045378696397,,1,3.077045378696397,82.05708555817283,GLU83/OE1,9,24,0.2727272727272727,0.03125,explicit,ok,False
fold_r2_id05_holo_model_4.pdb,True,ND1/NE2/NE2,,,6.69762380345443,54.79199575723453,42.4684206258549,3,2.135069744941389,ASP70/OD1,0,99.0,-1.0,,6,18,0.25,0.0,explicit,ok,False
fold_r2_id08_holo_model_0.pdb,True,NE2/NE2/ND1,,,0.2213555046487027,13.821096093539737,17.726718216760645,4,1.0071841121791114,GLU124/OE2,0,99.0,-1.0,,1,34,0.02857142857142857,0.0,explicit,ok,False
fold_r2_id08_holo_model_1.pdb,True,NE2/NE2/NE2,,,0.10732240394682248,12.792503380259204,12.565667991873196,5,0.4085311058930062,GLU124/OE2,0,99.0,-1.0,,8,40,0.16666666666666666,0.0,explicit,ok,False
fold_r2_id08_holo_model_2.pdb,True,NE2/NE2/ND1,,,0.4239346536518775,11.980135110866708,26.745067531701476,4,1.3443918785130644,GLU124/CD,0,99.0,-1.0,,2,39,0.04878048780487805,0.0,explicit,ok,False
fold_r2_id08_holo_model_3.pdb,True,NE2/NE2/ND1,,,0.19283400516136914,13.564194074688732,12.884128708669744,5,0.790702582998695,GLU124/CD,0,99.0,-1.0,,3,34,0.08108108108108109,0.0,explicit,ok,False
fold_r2_id08_holo_model_4.pdb,True,NE2/NE2/NE2,,,0.19170103917834858,12.362740658865455,13.492291889298679,4,0.42238832726636333,GLU124/OE2,0,99.0,-1.0,,2,36,0.05263157894736842,0.0,explicit,ok,False
fold_r2_id09_holo_model_0.pdb,True,NE2/NE2/NE2,,,0.23864773492079044,23.939483305824005,68.61277419915092,10,0.7897074635280654,GLU52/OE1,1,2.6955023955045005,102.32785480573168,GLU52/OE2,14,37,0.27450980392156865,0.0,explicit,ok,False
fold_r2_id09_holo_model_1.pdb,True,NE2/NE2/ND1,,,0.6440271079965768,24.048122380478272,27.175543061873114,1,2.6903049183839616,HIS35/CE1,0,99.0,-1.0,,15,15,0.5,0.109375,explicit,ok,False
fold_r2_id09_holo_model_2.pdb,True,NE2/NE2/NE2,,,0.2018814811531821,8.424126382315402,22.11588018619656,5,0.5591087660074263,GLU124/CD,0,99.0,-1.0,,11,36,0.23404255319148937,0.0,explicit,ok,False
fold_r2_id09_holo_model_3.pdb,True,ND1/NE2/ND1,,,1.900673698777875,26.27480105216757,104.67169937208506,5,0.8937492854323221,HIS81/CD2,0,99.0,-1.0,,10,14,0.4166666666666667,0.0,explicit,ok,False
fold_r2_id09_holo_model_4.pdb,True,NE2/NE2/ND1,,,0.35138833155725613,28.856417722213404,35.48052286405917,6,1.553680606051023,GLU77/CD,0,99.0,-1.0,,17,29,0.3695652173913043,0.0,explicit,ok,False
fold_r2_id14_holo_model_0.pdb,True,NE2/NE2/ND1,,,0.17270800970446512,16.308306856201224,20.371778416476275,4,0.8194979296592926,GLU124/OE1,0,99.0,-1.0,,1,25,0.038461538461538464,0.0,explicit,ok,False
fold_r2_id14_holo_model_1.pdb,True,NE2/NE2/ND1,,,0.16987943756356982,14.625761767570472,24.70371437112709,4,1.2498109633766463,GLU124/OE2,0,99.0,-1.0,,2,22,0.08333333333333333,0.0,explicit,ok,False
fold_r2_id14_holo_model_2.pdb,True,NE2/NE2/ND1,,,0.17767645200937043,14.333418645402368,28.59345286995189,6,0.6006911321380916,GLU124/CD,0,99.0,-1.0,,6,26,0.1875,0.0,explicit,ok,False
fold_r2_id14_holo_model_3.pdb,True,NE2/NE2/ND1,,,0.2133051997919241,16.213439836066588,14.235203113987799,5,0.5916502357714509,GLU124/OE1,0,99.0,-1.0,,1,24,0.04,0.0,explicit,ok,False
fold_r2_id14_holo_model_4.pdb,True,NE2/NE2/NE2,,,0.058552395934578554,16.005722933910114,24.653182415422503,6,0.6435204552133466,GLU124/OE2,1,2.6693139454531547,96.00630179914737,ARG122/NH2,0,28,0.0,0.0,explicit,ok,False
