pdb,ok,coord_atoms,coord_rmsd_vs_ref,pair_dist_rmsd_vs_ref,metal_fit_residual,angle_rmsd,lone_pair_dev,water_clash,water_min_dist,water_blocker,shell_hbond_n,shell_hbond_dist,shell_hbond_angle,shell_hbond_resid,probe_dist,probe_resid,pocket_hydrophobic,pocket_polar,pocket_ratio,escape_frac,metal_source,nb_status,pass
native_msa_87621_seed-1_sample-0_model.cif,True,NE2/NE2/ND1,,,0.025713407390598145,7.5077785233334335,8.628111321262175,0,2.915662421141765,,1,2.915662421141765,99.06942019179418,THR198/OG1,2.915662421141765,THR198/OG1,17,29,0.3695652173913043,0.0234375,explicit,ok,True
native_msa_87621_seed-1_sample-1_model.cif,True,NE2/NE2/ND1,,,0.01846041367814124,7.7105330410393815,8.719489398705973,0,2.9134410760203093,,1,2.9134410760203093,98.32411285865112,THR198/OG1,2.9134410760203093,THR198/OG1,17,29,0.3695652173913043,0.03125,explicit,ok,True
native_msa_87621_seed-1_sample-2_model.cif,True,NE2/NE2/ND1,,,0.005384675193813311,6.990458084236491,9.032487109621536,0,2.952043293765317,,1,2.952043293765317,99.93705116034921,THR198/OG1,2.952043293765317,THR198/OG1,17,29,0.3695652173913043,0.03125,explicit,ok,True
native_msa_87621_seed-1_sample-3_model.cif,True,NE2/NE2/ND1,,,0.01928621593893808,7.146613880835559,8.187370825363413,0,2.9112986670279137,,1,2.9112986670279137,99.57265863480428,THR198/OG1,2.9112986670279137,THR198/OG1,17,30,0.3617021276595745,0.03125,explicit,ok,True
native_msa_87621_seed-1_sample-4_model.cif,True,NE2/NE2/ND1,,,0.029755928810991164,7.341458184217868,8.216767278780791,0,2.94003642066052,,1,2.94003642066052,98.15009933190711,THR198/OG1,2.94003642066052,THR198/OG1,18,30,0.375,0.0390625,explicit,ok,True
native_msa_87621_seed-2_sample-0_model.cif,True,NE2/NE2/ND1,,,0.022087849090638847,7.343928019195136,9.420259352206527,0,2.921843353486601,,1,2.921843353486601,99.03957301257593,THR198/OG1,2.921843353486601,THR198/OG1,18,29,0.3829787234042553,0.0234375,explicit,ok,True
native_msa_87621_seed-2_sample-1_model.cif,True,NE2/NE2/ND1,,,0.025279386946426893,7.250620570145182,9.31416614545869,0,2.9062056373091685,,1,2.9062056373091685,98.22028637649667,THR198/OG1,2.9062056373091685,THR198/OG1,18,30,0.375,0.0234375,explicit,ok,True
native_msa_87621_seed-2_sample-2_model.cif,True,NE2/NE2/ND1,,,0.021439557906579584,7.21790194677858,9.113647622412559,0,2.9060751191629763,,1,2.9060751191629763,99.34903571927462,THR198/OG1,2.9060751191629763,THR198/OG1,17,29,0.3695652173913043,0.03125,explicit,ok,True
native_msa_87621_seed-2_sample-3_model.cif,True,NE2/NE2/ND1,,,0.019461678967899864,7.082311911021244,9.556970785304769,0,2.866879551534725,,1,2.866879551534725,99.00271426863122,THR198/OG1,2.866879551534725,THR198/OG1,18,30,0.375,0.0234375,explicit,ok,True
native_msa_87621_seed-2_sample-4_model.cif,True,NE2/NE2/ND1,,,0.0262039151490674,7.710145258556701,8.298877478210978,0,2.8941601684897527,,1,2.8941601684897527,98.02036162383979,THR198/OG1,2.8941601684897527,THR198/OG1,18,30,0.375,0.015625,explicit,ok,True
native_msa_87621_seed-3_sample-0_model.cif,True,NE2/NE2/ND1,,,0.028838289361803493,7.318214282345262,8.5715897142975,0,2.9292099539077676,,1,2.9292099539077676,99.32636724534417,THR198/OG1,2.9292099539077676,THR198/OG1,17,31,0.3541666666666667,0.0234375,explicit,ok,True
native_msa_87621_seed-3_sample-1_model.cif,True,NE2/NE2/ND1,,,0.02498648832590482,7.4921579221976105,8.419724251855811,0,2.9502036262648534,,1,2.9502036262648534,98.84307585592656,THR198/OG1,2.9502036262648534,THR198/OG1,17,30,0.3617021276595745,0.0234375,explicit,ok,True
native_msa_87621_seed-3_sample-2_model.cif,True,NE2/NE2/ND1,,,0.021360143149809947,7.400219277533298,8.20725392302054,0,2.9069620426877543,,1,2.9069620426877543,98.92009423428244,THR198/OG1,2.9069620426877543,THR198/OG1,17,32,0.3469387755102041,0.0234375,explicit,ok,True
native_msa_87621_seed-3_sample-3_model.cif,True,NE2/NE2/ND1,,,0.030526323170074882,7.711145026072575,8.234073617682725,0,2.9159294452330147,,1,2.9159294452330147,98.7211803099746,THR198/OG1,2.9159294452330147,THR198/OG1,18,30,0.375,0.015625,explicit,ok,True
native_msa_87621_seed-3_sample-4_model.cif,True,NE2/NE2/ND1,,,0.014289608937956852,7.5689541010734205,8.628265907171063,0,2.9398308278688763,,1,2.9398308278688763,99.25060671937071,THR198/OG1,2.9398308278688763,THR198/OG1,17,29,0.3695652173913043,0.0390625,explicit,ok,True
