job	arm	band	seq	aa104	length	seed	overall_conf	ligand_conf
r9C_s60	C	상	seq60	aa104=A	len=173	seed=261010001	overall=0.4757	lig=0.4115
r9C_s51	C	상	seq51	aa104=N	len=173	seed=261010002	overall=0.4749	lig=0.3711
r9C_s8	C	상	seq8	aa104=K	len=173	seed=261010003	overall=0.4740	lig=0.3545
r9C_s75	C	상	seq75	aa104=P	len=173	seed=261010004	overall=0.4686	lig=0.3482
r9C_s78	C	상	seq78	aa104=Y	len=173	seed=261010005	overall=0.4681	lig=0.3164
r9C_s79	C	상	seq79	aa104=F	len=173	seed=261010006	overall=0.4672	lig=0.3844
r9C_s50	C	중	seq50	aa104=Y	len=173	seed=261010007	overall=0.4571	lig=0.3325
r9C_s16	C	중	seq16	aa104=K	len=173	seed=261010008	overall=0.4569	lig=0.3477
r9C_s86	C	중	seq86	aa104=N	len=173	seed=261010009	overall=0.4567	lig=0.3173
r9C_s65	C	중	seq65	aa104=N	len=173	seed=261010010	overall=0.4567	lig=0.3445
r9C_s77	C	중	seq77	aa104=F	len=173	seed=261010011	overall=0.4561	lig=0.3753
r9C_s56	C	하	seq56	aa104=R	len=173	seed=261010012	overall=0.4431	lig=0.3585
r9C_s61	C	하	seq61	aa104=Q	len=173	seed=261010013	overall=0.4424	lig=0.3288
r9C_s31	C	하	seq31	aa104=N	len=173	seed=261010014	overall=0.4375	lig=0.3542
r9C_s63	C	하	seq63	aa104=Y	len=173	seed=261010015	overall=0.4320	lig=0.3155
r9D_s51	D	상	seq51	aa104=N	len=173	seed=261010016	overall=0.4797	lig=0.4122
r9D_s8	D	상	seq8	aa104=N	len=173	seed=261010017	overall=0.4774	lig=0.3894
r9D_s75	D	상	seq75	aa104=P	len=173	seed=261010018	overall=0.4770	lig=0.3901
r9D_s60	D	상	seq60	aa104=A	len=173	seed=261010019	overall=0.4758	lig=0.4102
r9D_s78	D	상	seq78	aa104=Y	len=173	seed=261010020	overall=0.4731	lig=0.3510
r9D_s59	D	상	seq59	aa104=Y	len=173	seed=261010021	overall=0.4721	lig=0.3751
r9D_s65	D	중	seq65	aa104=N	len=173	seed=261010022	overall=0.4600	lig=0.3530
r9D_s53	D	중	seq53	aa104=H	len=173	seed=261010023	overall=0.4599	lig=0.3681
r9D_s22	D	중	seq22	aa104=F	len=173	seed=261010024	overall=0.4598	lig=0.3759
r9D_s95	D	중	seq95	aa104=L	len=173	seed=261010025	overall=0.4593	lig=0.3840
r9D_s91	D	중	seq91	aa104=W	len=173	seed=261010026	overall=0.4593	lig=0.3608
r9D_s72	D	하	seq72	aa104=F	len=173	seed=261010027	overall=0.4448	lig=0.3716
r9D_s57	D	하	seq57	aa104=H	len=173	seed=261010028	overall=0.4441	lig=0.3977
r9D_s61	D	하	seq61	aa104=Q	len=173	seed=261010029	overall=0.4417	lig=0.3615
r9D_s63	D	하	seq63	aa104=Y	len=173	seed=261010030	overall=0.4411	lig=0.3482
