job	band	seq	length	seed	overall_conf	ligand_conf	seq_rec
r9_b1m0_s60	상	seq60	len=173	seed=261009001	overall=0.4930	lig=0.6590	rec=0.4880
r9_b1m0_s51	상	seq51	len=173	seed=261009002	overall=0.4912	lig=0.6129	rec=0.4578
r9_b1m0_s8	상	seq8	len=173	seed=261009003	overall=0.4912	lig=0.5757	rec=0.4759
r9_b1m0_s76	상	seq76	len=173	seed=261009004	overall=0.4863	lig=0.5536	rec=0.4277
r9_b1m0_s78	상	seq78	len=173	seed=261009005	overall=0.4860	lig=0.5203	rec=0.5060
r9_b1m0_s59	상	seq59	len=173	seed=261009006	overall=0.4860	lig=0.5579	rec=0.4759
r9_b1m0_s79	상	seq79	len=173	seed=261009007	overall=0.4839	lig=0.6279	rec=0.5181
r9_b1m0_s28	상	seq28	len=173	seed=261009008	overall=0.4839	lig=0.6143	rec=0.5361
r9_b1m0_s27	상	seq27	len=173	seed=261009009	overall=0.4838	lig=0.6292	rec=0.5120
r9_b1m0_s74	상	seq74	len=173	seed=261009010	overall=0.4835	lig=0.5137	rec=0.4699
r9_b1m0_s32	중	seq32	len=173	seed=261009011	overall=0.4729	lig=0.5748	rec=0.4819
r9_b1m0_s86	중	seq86	len=173	seed=261009012	overall=0.4723	lig=0.5153	rec=0.4759
r9_b1m0_s98	중	seq98	len=173	seed=261009013	overall=0.4721	lig=0.5859	rec=0.4518
r9_b1m0_s77	중	seq77	len=173	seed=261009014	overall=0.4720	lig=0.6088	rec=0.4578
r9_b1m0_s16	중	seq16	len=173	seed=261009015	overall=0.4718	lig=0.5645	rec=0.4819
r9_b1m0_s65	중	seq65	len=173	seed=261009016	overall=0.4717	lig=0.5552	rec=0.4819
r9_b1m0_s40	중	seq40	len=173	seed=261009017	overall=0.4716	lig=0.5701	rec=0.4940
r9_b1m0_s7	중	seq7	len=173	seed=261009018	overall=0.4715	lig=0.4855	rec=0.4759
r9_b1m0_s33	중	seq33	len=173	seed=261009019	overall=0.4713	lig=0.5128	rec=0.4940
r9_b1m0_s44	중	seq44	len=173	seed=261009020	overall=0.4702	lig=0.5858	rec=0.4759
r9_b1m0_s96	하	seq96	len=173	seed=261009021	overall=0.4599	lig=0.5972	rec=0.5060
r9_b1m0_s93	하	seq93	len=173	seed=261009022	overall=0.4597	lig=0.5838	rec=0.4458
r9_b1m0_s3	하	seq3	len=173	seed=261009023	overall=0.4597	lig=0.5918	rec=0.4157
r9_b1m0_s57	하	seq57	len=173	seed=261009024	overall=0.4591	lig=0.6320	rec=0.4940
r9_b1m0_s72	하	seq72	len=173	seed=261009025	overall=0.4590	lig=0.5822	rec=0.4458
r9_b1m0_s99	하	seq99	len=173	seed=261009026	overall=0.4585	lig=0.4873	rec=0.4639
r9_b1m0_s56	하	seq56	len=173	seed=261009027	overall=0.4574	lig=0.5799	rec=0.4880
r9_b1m0_s61	하	seq61	len=173	seed=261009028	overall=0.4570	lig=0.5367	rec=0.5060
r9_b1m0_s31	하	seq31	len=173	seed=261009029	overall=0.4519	lig=0.5661	rec=0.4819
r9_b1m0_s63	하	seq63	len=173	seed=261009030	overall=0.4457	lig=0.5185	rec=0.4639
