job	backbone	template_cif	template_map	pairs_with
r8_b0_m3_s1_tmpl	b0_m3	templates/tmpl_b0_m3.cif	templates/map_b0_m3.json	r8_b0_m3_s1
r8_b0_m3_s2_tmpl	b0_m3	templates/tmpl_b0_m3.cif	templates/map_b0_m3.json	r8_b0_m3_s2
r8_b0_m3_s3_tmpl	b0_m3	templates/tmpl_b0_m3.cif	templates/map_b0_m3.json	r8_b0_m3_s3
r8_b0_m3_s4_tmpl	b0_m3	templates/tmpl_b0_m3.cif	templates/map_b0_m3.json	r8_b0_m3_s4
r8_b0_m3_s5_tmpl	b0_m3	templates/tmpl_b0_m3.cif	templates/map_b0_m3.json	r8_b0_m3_s5
r8_b1_m0_s1_tmpl	b1_m0	templates/tmpl_b1_m0.cif	templates/map_b1_m0.json	r8_b1_m0_s1
r8_b1_m0_s2_tmpl	b1_m0	templates/tmpl_b1_m0.cif	templates/map_b1_m0.json	r8_b1_m0_s2
r8_b1_m0_s3_tmpl	b1_m0	templates/tmpl_b1_m0.cif	templates/map_b1_m0.json	r8_b1_m0_s3
r8_b1_m0_s4_tmpl	b1_m0	templates/tmpl_b1_m0.cif	templates/map_b1_m0.json	r8_b1_m0_s4
r8_b1_m0_s5_tmpl	b1_m0	templates/tmpl_b1_m0.cif	templates/map_b1_m0.json	r8_b1_m0_s5
