pdb,ok,coord_atoms,coord_rmsd_vs_ref,pair_dist_rmsd_vs_ref,metal_fit_residual,angle_rmsd,lone_pair_dev,water_clash,water_min_dist,water_blocker,shell_hbond_n,shell_hbond_dist,shell_hbond_angle,shell_hbond_resid,pocket_hydrophobic,pocket_polar,pocket_ratio,escape_frac,metal_source,pass
models\apo_s101_m0_renum.pdb,True,NE2/NE2/ND1,0.15222879181579832,0.23134331563655072,1.52076063098805e-06,7.139451804295543,27.86570889543084,0,3.3663132532840603,,0,99.0,-1.0,,6,14,0.3,0.40625,virtual,False
models\apo_s101_m1_renum.pdb,True,NE2/ND1/ND1,1.3472703614972898,2.139700463864902,1.0767521186780886,36.64288931957342,61.49219084801405,2,1.669571382954939,HIS96/CB,0,99.0,-1.0,,6,25,0.1935483870967742,0.0,virtual,False
models\apo_s101_m2_renum.pdb,True,NE2/NE2/ND1,0.14813487120474264,0.21627620231167796,0.006532633194816144,16.424194257754415,45.62112145818696,2,1.938542499451296,HIS96/CD2,0,99.0,-1.0,,4,18,0.18181818181818182,0.0,virtual,False
models\apo_s101_m3_renum.pdb,True,NE2/NE2/ND1,0.13297017306516984,0.18050677302684948,2.1526764829533675e-06,6.487175614360947,28.246274319560744,1,2.8682835862929292,HIS119/CE1,0,99.0,-1.0,,4,13,0.23529411764705882,0.375,virtual,False
models\apo_s101_m4_renum.pdb,True,NE2/NE2/ND1,0.2866145313631547,0.3545921573535324,0.02774527152809671,26.0822530373194,60.751339024380684,4,2.0128275333538292,HIS94/CE1,1,3.09869461319412,88.98405566653341,HIS96,5,23,0.17857142857142858,0.0,virtual,False
models\apo_s202_m0_renum.pdb,True,NE2/NE2/ND1,1.2248979561025661,1.9395521518618515,0.9113147546891452,38.36963471871039,69.44572596414848,4,1.1198702105750244,HIS119/CG,2,2.7511563878545457,110.81526774790804,HIS119,14,29,0.32558139534883723,0.0,virtual,False
models\apo_s202_m1_renum.pdb,True,NE2/NE2/ND1,0.2898102904744516,0.44249303896402675,0.12855344399899915,19.423803155420217,63.093464559713134,4,1.5387238215793306,HIS96/CE1,1,2.5977824567731767,100.86977587677785,HIS96,4,21,0.16,0.0,virtual,False
models\apo_s202_m2_renum.pdb,True,NE2/ND1/ND1,1.1124628621980082,1.767752784354283,0.8889040642841352,31.390755857316208,55.68393904256138,2,1.9080284492999722,HIS96/CB,0,99.0,-1.0,,5,26,0.16129032258064516,0.0,virtual,False
models\apo_s202_m3_renum.pdb,True,NE2/NE2/ND1,0.13552146556532801,0.2046588029822938,1.7552545250608132e-06,5.684640716190905,30.382542442323167,0,3.010920447556729,,0,99.0,-1.0,,4,13,0.23529411764705882,0.375,virtual,False
models\apo_s202_m4_renum.pdb,True,NE2/NE2/ND1,0.20210357650558047,0.2894826258209381,1.5574057710597569e-06,9.576626072588637,26.593388380031584,0,3.2445524077678236,,0,99.0,-1.0,,6,14,0.3,0.3984375,virtual,False
models\apo_s303_m0_renum.pdb,True,NE2/ND1/ND1,1.3020981445707038,2.0705455248571716,1.0502943074017768,34.87872724741347,61.068918128517744,2,1.7114482806526858,HIS96/CB,0,99.0,-1.0,,7,24,0.22580645161290322,0.0,virtual,False
models\apo_s303_m1_renum.pdb,True,NE2/NE2/ND1,0.1150071503484023,0.16308825942633356,0.0003813253248094515,14.153781745970134,38.23798526587267,2,2.4119586706116825,HIS119/CE1,0,99.0,-1.0,,3,19,0.13636363636363635,0.0078125,virtual,False
models\apo_s303_m2_renum.pdb,True,NE2/NE2/ND1,0.10049742948535907,0.13526335291855754,2.2800156412954706e-06,5.308678142745183,32.14506263906625,0,3.067084648250408,,0,99.0,-1.0,,6,14,0.3,0.375,virtual,False
models\apo_s303_m3_renum.pdb,True,NE2/NE2/ND1,0.12067158014300254,0.18061235834876774,1.85262889426884e-06,4.995264700588788,30.491225584040336,0,3.0437228884927827,,0,99.0,-1.0,,3,14,0.17647058823529413,0.375,virtual,False
models\apo_s303_m4_renum.pdb,True,NE2/NE2/ND1,0.05536503389963485,0.06875659157824629,2.562177208300904e-06,5.078215078974389,36.022430618621755,1,2.956452560557762,HIS119/CE1,0,99.0,-1.0,,4,16,0.2,0.359375,virtual,False
models\dctrunc_s101_m0_renum.pdb,True,NE2/NE2/ND1,0.17118026240651738,0.23759182922778221,0.16243096322087813,6.21504594057428,16.832246220456557,0,3.6820819452618707,,0,99.0,-1.0,,5,17,0.22727272727272727,0.40625,explicit,True
models\dctrunc_s101_m1_renum.pdb,True,NE2/NE2/ND1,0.3176956483181266,0.3660038059048819,0.18038685283625325,12.475364631794527,15.039844155363836,0,3.602598199392992,,0,99.0,-1.0,,5,17,0.22727272727272727,0.34375,explicit,True
models\dctrunc_s101_m2_renum.pdb,True,NE2/NE2/ND1,0.24823664190221195,0.3309619142522479,0.14728910595640943,8.56760096851991,18.511043251873673,0,3.689121551201147,,0,99.0,-1.0,,7,17,0.2916666666666667,0.375,explicit,True
models\dctrunc_s101_m3_renum.pdb,True,NE2/NE2/ND1,0.2904000464520828,0.33096155229266666,0.269335520165356,10.816270959736961,13.163686596893612,0,3.814463969726202,,0,99.0,-1.0,,6,15,0.2857142857142857,0.421875,explicit,True
models\dctrunc_s101_m4_renum.pdb,True,NE2/NE2/ND1,0.2529510160196277,0.292707718897566,0.15628245149909628,10.057664682531719,18.70908991034176,0,3.67662326775092,,0,99.0,-1.0,,3,16,0.15789473684210525,0.3671875,explicit,True
models\dctrunc_s202_m0_renum.pdb,True,NE2/NE2/ND1,0.2578513380536833,0.3131622235151059,0.15620076961791127,9.54079405621151,15.594758632255145,0,3.7851305697577815,,0,99.0,-1.0,,6,17,0.2608695652173913,0.40625,explicit,True
models\dctrunc_s202_m1_renum.pdb,True,NE2/NE2/ND1,0.408944207185238,0.4516927971735806,0.2678584279838551,14.206250936657538,15.093872718781604,0,3.33737809427507,,0,99.0,-1.0,,5,14,0.2631578947368421,0.3671875,explicit,True
models\dctrunc_s202_m2_renum.pdb,True,NE2/NE2/ND1,0.33156828886496614,0.37131048536589023,0.2383727080738077,11.050039027186555,15.270283024196255,0,3.660743574763199,,0,99.0,-1.0,,3,15,0.16666666666666666,0.4375,explicit,True
models\dctrunc_s202_m3_renum.pdb,True,NE2/NE2/ND1,0.20652465106586598,0.23948148556868543,0.188068176150915,6.884703662007125,19.32179673651087,0,3.8168111934687285,,0,99.0,-1.0,,5,16,0.23809523809523808,0.328125,explicit,True
models\dctrunc_s202_m4_renum.pdb,True,NE2/NE2/ND1,0.46922069969712876,0.5144380039072148,0.3220264245803534,16.156775031471582,13.76653044654165,1,2.971961793915589,VAL82/CG1,0,99.0,-1.0,,1,17,0.05555555555555555,0.328125,explicit,False
models\dctrunc_s303_m0_renum.pdb,True,NE2/NE2/ND1,0.4059985874141051,0.4534363627921041,0.23437701331053806,15.008599737098425,12.64993474998034,0,3.613281716415887,,0,99.0,-1.0,,4,14,0.2222222222222222,0.390625,explicit,True
models\dctrunc_s303_m1_renum.pdb,True,NE2/NE2/ND1,0.3289629916984443,0.3948450492429058,0.21047251734113584,10.510051393920044,19.060651919943556,0,3.8531117392752745,,0,99.0,-1.0,,6,15,0.2857142857142857,0.4453125,explicit,True
models\dctrunc_s303_m2_renum.pdb,True,NE2/NE2/ND1,0.23984969677581786,0.28863572770334034,0.19537577798163724,8.539999570688849,12.81670992966339,0,3.7787333171587263,,0,99.0,-1.0,,5,16,0.23809523809523808,0.4296875,explicit,True
models\dctrunc_s303_m3_renum.pdb,True,NE2/NE2/ND1,0.20079595093033914,0.2502242010850985,0.20891256812133632,7.4389406295277345,13.140751720792062,0,3.9059506100827965,,0,99.0,-1.0,,6,14,0.3,0.390625,explicit,True
models\dctrunc_s303_m4_renum.pdb,True,NE2/NE2/ND1,0.3981039187292743,0.43903194639429427,0.25549268308289563,13.945289165880634,14.102166900000407,0,3.6680440832396077,,0,99.0,-1.0,,3,14,0.17647058823529413,0.421875,explicit,True
models\e83q_s101_m0_renum.pdb,True,NE2/NE2/ND1,0.12236993163201118,0.20206590690513088,0.098306876053031,2.2298052169903815,17.58980729404512,0,3.4471644006297417,,0,99.0,-1.0,,8,20,0.2857142857142857,0.28125,explicit,True
models\e83q_s101_m1_renum.pdb,True,NE2/NE2/ND1,0.15226572440093084,0.2619304892800411,0.1290572718129192,3.4828994602878276,17.510897632845595,0,3.325729557076887,,0,99.0,-1.0,,8,19,0.2962962962962963,0.2890625,explicit,True
models\e83q_s101_m2_renum.pdb,True,NE2/NE2/ND1,0.11148157458730608,0.19039781890686536,0.0757013788508143,1.7038661978333667,16.596793427435347,0,3.515179044558669,,0,99.0,-1.0,,8,19,0.2962962962962963,0.3125,explicit,True
models\e83q_s101_m3_renum.pdb,True,NE2/NE2/ND1,0.13915101728785653,0.23849092469790384,0.12026200454818296,2.1734523107242234,17.637525577564148,0,3.4053070604494704,,0,99.0,-1.0,,7,20,0.25925925925925924,0.328125,explicit,True
models\e83q_s101_m4_renum.pdb,True,NE2/NE2/ND1,0.25682193403452047,0.31152138724729406,0.17414926412066556,8.90460709840607,16.385874458821704,3,1.1332716728098327,THR84/OG1,1,2.818077041711664,116.45194084486407,THR84,7,22,0.2413793103448276,0.0,explicit,False
models\e83q_s202_m0_renum.pdb,True,NE2/NE2/ND1,0.13164985933405954,0.22609195289962583,0.14811285084862733,6.67933641339703,20.061938711590322,0,3.353504012591018,,0,99.0,-1.0,,4,15,0.21052631578947367,0.390625,explicit,True
models\e83q_s202_m1_renum.pdb,True,NE2/NE2/ND1,0.16742228742157333,0.20511883531199512,0.10596453944281645,5.5044903240042276,15.95794621183174,0,3.6882942640307816,,0,99.0,-1.0,,6,16,0.2727272727272727,0.3515625,explicit,True
models\e83q_s202_m2_renum.pdb,True,NE2/NE2/ND1,0.1864135144100644,0.23305530845085523,0.1466704610630668,6.098390564837055,18.045394606998517,0,3.6504575476516132,,0,99.0,-1.0,,4,12,0.25,0.4296875,explicit,True
models\e83q_s202_m3_renum.pdb,True,NE2/NE2/ND1,0.23398497091590764,0.27176206776245937,0.21797305906991363,8.617919237271543,19.428896916562923,4,1.2258369798164148,GLN83/CD,0,99.0,-1.0,,6,19,0.24,0.0,explicit,False
models\e83q_s202_m4_renum.pdb,True,NE2/NE2/ND1,0.1996728957606293,0.2909153741087813,0.11927107590734327,4.602790238293034,16.38949802988623,0,3.4978206497779984,,0,99.0,-1.0,,6,14,0.3,0.40625,explicit,True
models\e83q_s303_m0_renum.pdb,True,NE2/NE2/ND1,0.12239188507147969,0.1845884694510694,0.10894152268664989,3.3917367853165863,17.862629074656752,0,3.5624306675536,,0,99.0,-1.0,,4,16,0.2,0.3828125,explicit,True
models\e83q_s303_m1_renum.pdb,True,NE2/NE2/ND1,0.13232063740479968,0.2196304631206247,0.0992546909411168,2.7753034059140207,15.684149015809245,0,3.489258980822949,,0,99.0,-1.0,,6,19,0.24,0.3203125,explicit,True
models\e83q_s303_m2_renum.pdb,True,NE2/NE2/ND1,0.26980723911037363,0.34303552502794543,0.14411793773797602,8.253795583882217,15.348552565141963,0,3.589874760620178,,0,99.0,-1.0,,6,16,0.2727272727272727,0.375,explicit,True
models\e83q_s303_m3_renum.pdb,True,NE2/NE2/ND1,0.15828123639358055,0.23495981075060257,0.12238080371620269,3.1083471865516716,16.259772105403744,0,3.543753781060292,,0,99.0,-1.0,,6,14,0.3,0.359375,explicit,True
models\e83q_s303_m4_renum.pdb,True,NE2/NE2/ND1,0.20097343462219427,0.23305015007232863,0.18141733602659388,5.802040480451044,16.653984305021158,0,3.7026303443653963,,0,99.0,-1.0,,4,16,0.2,0.3125,explicit,True
