job,model,ok,lone_pair_dev,metal_fit_residual,angle_rmsd,water_clash,co2_open_frac,escape_frac,shell_hbond_n,metal_source,pass
r9_b1m0_s16,0,True,22.12,0.199,9.26,3,0.0,0.0,0,explicit,False
r9_b1m0_s16,1,True,27.95,0.483,25.59,4,0.0,0.0,1,explicit,False
r9_b1m0_s16,2,True,18.39,0.132,10.08,2,0.0,0.0,1,explicit,False
r9_b1m0_s16,3,True,31.06,0.381,22.09,4,0.0,0.0,2,explicit,False
r9_b1m0_s16,4,True,27.92,0.308,8.61,3,0.0,0.0,0,explicit,False
r9_b1m0_s27,0,True,27.45,0.216,19.09,5,0.0,0.0,1,explicit,False
r9_b1m0_s27,1,True,37.63,0.441,18.4,6,0.0,0.0,0,explicit,False
r9_b1m0_s27,2,True,34.5,0.308,18.46,7,0.0,0.0,0,explicit,False
r9_b1m0_s27,3,True,41.02,0.634,7.24,4,0.0,0.0,0,explicit,False
r9_b1m0_s27,4,True,41.81,0.41,8.17,4,0.0,0.0,0,explicit,False
r9_b1m0_s28,0,True,17.11,0.14,9.07,4,0.0,0.0,0,explicit,False
r9_b1m0_s28,1,True,17.16,0.149,10.04,4,0.0,0.0,0,explicit,False
r9_b1m0_s28,2,True,14.32,0.138,7.49,4,0.0,0.0,0,explicit,False
r9_b1m0_s28,3,True,15.62,0.171,10.58,4,0.0,0.0,0,explicit,False
r9_b1m0_s28,4,True,17.53,0.202,8.09,4,0.0,0.0,0,explicit,False
r9_b1m0_s31,0,True,36.69,0.682,9.21,4,0.0,0.0,0,explicit,False
r9_b1m0_s31,1,True,9.77,0.122,12.62,4,0.064,0.0,0,explicit,False
r9_b1m0_s31,2,True,12.98,0.15,14.04,4,0.092,0.0,0,explicit,False
r9_b1m0_s31,3,True,10.31,0.12,13.32,3,0.0,0.0,2,explicit,False
r9_b1m0_s31,4,True,13.03,0.068,9.05,4,0.0,0.0,1,explicit,False
r9_b1m0_s32,0,True,15.49,0.1,10.81,4,0.0,0.0,0,explicit,False
r9_b1m0_s32,1,True,13.34,0.088,11.33,4,0.0,0.0,0,explicit,False
r9_b1m0_s32,2,True,13.66,0.1,12.83,4,0.0,0.0,0,explicit,False
r9_b1m0_s32,3,True,15.61,0.186,12.79,4,0.0,0.0,0,explicit,False
r9_b1m0_s32,4,True,13.88,0.151,11.42,4,0.0,0.0,0,explicit,False
r9_b1m0_s33,0,True,18.47,0.267,9.49,3,0.14,0.0,1,explicit,False
r9_b1m0_s33,1,True,20.82,0.23,11.27,1,0.119,0.055,0,explicit,False
r9_b1m0_s33,2,True,19.5,0.297,8.85,4,0.1,0.0,0,explicit,False
r9_b1m0_s33,3,True,21.17,0.319,11.56,1,0.018,0.0,2,explicit,False
r9_b1m0_s33,4,True,25.35,0.349,4.19,3,0.152,0.0,1,explicit,False
r9_b1m0_s3,0,True,42.0,0.528,23.52,4,0.024,0.0,0,explicit,False
r9_b1m0_s3,1,True,32.18,0.786,13.9,4,0.025,0.0,0,explicit,False
r9_b1m0_s3,2,True,28.35,1.064,23.12,3,0.029,0.0,0,explicit,False
r9_b1m0_s3,3,True,42.63,0.364,20.15,5,0.019,0.0,0,explicit,False
r9_b1m0_s3,4,True,35.4,0.671,10.53,4,0.0,0.0,0,explicit,False
r9_b1m0_s40,0,True,43.06,0.532,16.19,4,0.0,0.0,2,explicit,False
r9_b1m0_s40,1,True,17.06,0.326,5.75,4,0.0,0.0,1,explicit,False
r9_b1m0_s40,2,True,14.59,0.153,8.94,4,0.0,0.0,0,explicit,False
r9_b1m0_s40,3,True,13.41,0.205,7.22,4,0.002,0.0,0,explicit,False
r9_b1m0_s40,4,True,16.06,0.181,4.81,4,0.0,0.0,0,explicit,False
r9_b1m0_s44,0,True,35.92,0.123,13.44,1,0.0,0.0,0,explicit,False
r9_b1m0_s44,1,True,40.31,0.133,9.15,5,0.0,0.0,1,explicit,False
r9_b1m0_s44,2,True,32.75,0.151,13.53,5,0.0,0.0,0,explicit,False
r9_b1m0_s44,3,True,34.46,0.152,11.92,3,0.0,0.0,2,explicit,False
r9_b1m0_s44,4,True,39.28,0.132,12.67,6,0.0,0.0,0,explicit,False
r9_b1m0_s51,0,True,14.89,0.103,8.73,4,0.0,0.0,1,explicit,False
r9_b1m0_s51,1,True,14.29,0.104,10.04,4,0.0,0.0,0,explicit,False
r9_b1m0_s51,2,True,14.16,0.102,10.05,4,0.0,0.0,0,explicit,False
r9_b1m0_s51,3,True,15.13,0.113,9.73,4,0.0,0.0,0,explicit,False
r9_b1m0_s51,4,True,15.75,0.086,6.51,4,0.0,0.0,0,explicit,False
r9_b1m0_s56,0,True,21.86,0.162,13.56,4,0.035,0.0,0,explicit,False
r9_b1m0_s56,1,True,20.32,0.174,11.7,4,0.032,0.0,0,explicit,False
r9_b1m0_s56,2,True,21.56,0.198,11.35,4,0.0,0.0,1,explicit,False
r9_b1m0_s56,3,True,23.69,0.254,11.05,4,0.109,0.0,0,explicit,False
r9_b1m0_s56,4,True,21.32,0.18,11.06,4,0.074,0.0,0,explicit,False
r9_b1m0_s57,0,True,34.29,0.287,14.08,7,0.0,0.0,0,explicit,False
r9_b1m0_s57,1,True,36.86,0.25,15.67,6,0.0,0.0,0,explicit,False
r9_b1m0_s57,2,True,39.14,0.202,13.6,6,0.0,0.0,0,explicit,False
r9_b1m0_s57,3,True,36.94,0.259,12.77,6,0.0,0.0,0,explicit,False
r9_b1m0_s57,4,True,55.38,0.175,18.17,2,0.0,0.0,1,explicit,False
r9_b1m0_s59,0,True,21.7,0.108,19.65,4,0.0,0.0,0,explicit,False
r9_b1m0_s59,1,True,23.32,0.144,16.08,4,0.0,0.0,1,explicit,False
r9_b1m0_s59,2,True,23.7,0.125,16.5,4,0.0,0.0,0,explicit,False
r9_b1m0_s59,3,True,26.35,0.128,14.71,3,0.0,0.0,3,explicit,False
r9_b1m0_s59,4,True,42.23,0.189,10.68,7,0.0,0.0,0,explicit,False
r9_b1m0_s60,0,True,39.76,0.135,13.23,1,0.0,0.0,0,explicit,False
r9_b1m0_s60,1,True,56.79,0.613,16.99,2,0.0,0.0,0,explicit,False
r9_b1m0_s60,2,True,30.33,0.249,13.82,0,0.05,0.0,0,explicit,False
r9_b1m0_s60,3,True,29.45,0.234,9.63,0,0.058,0.0,0,explicit,False
r9_b1m0_s60,4,True,32.05,0.317,14.31,0,0.023,0.0,0,explicit,False
r9_b1m0_s61,0,True,33.38,0.108,14.24,6,0.0,0.0,0,explicit,False
r9_b1m0_s61,1,True,33.31,0.165,15.21,4,0.0,0.0,0,explicit,False
r9_b1m0_s61,2,True,34.94,0.11,13.99,3,0.0,0.0,0,explicit,False
r9_b1m0_s61,3,True,34.99,0.131,15.77,5,0.0,0.0,1,explicit,False
r9_b1m0_s61,4,True,33.98,0.122,16.89,5,0.0,0.0,0,explicit,False
r9_b1m0_s63,0,True,17.39,0.217,12.58,2,0.0,0.0,2,explicit,False
r9_b1m0_s63,1,True,17.52,0.123,14.19,0,0.0,0.0,0,explicit,False
r9_b1m0_s63,2,True,15.67,0.138,14.63,4,0.0,0.0,0,explicit,False
r9_b1m0_s63,3,True,13.42,0.095,9.96,3,0.0,0.0,1,explicit,False
r9_b1m0_s63,4,True,18.68,0.093,9.1,1,0.003,0.0,1,explicit,False
r9_b1m0_s65,0,True,46.9,2.628,58.4,4,0.0,0.0,1,explicit,False
r9_b1m0_s65,1,True,62.98,1.601,31.05,5,0.0,0.0,1,explicit,False
r9_b1m0_s65,2,True,29.73,1.089,27.78,4,0.0,0.0,1,explicit,False
r9_b1m0_s65,3,True,25.5,0.808,25.23,3,0.002,0.0,0,explicit,False
r9_b1m0_s65,4,True,30.04,0.496,8.55,5,0.0,0.0,0,explicit,False
r9_b1m0_s72,0,True,38.88,0.371,9.99,5,0.0,0.0,0,explicit,False
r9_b1m0_s72,1,True,41.21,0.469,14.4,5,0.0,0.0,1,explicit,False
r9_b1m0_s72,2,True,45.31,0.494,15.6,5,0.0,0.0,0,explicit,False
r9_b1m0_s72,3,True,41.94,0.433,12.84,5,0.0,0.0,1,explicit,False
r9_b1m0_s72,4,True,40.2,0.337,12.14,4,0.0,0.0,1,explicit,False
r9_b1m0_s74,0,True,30.9,0.154,8.7,2,0.0,0.0,1,explicit,False
r9_b1m0_s74,1,True,66.23,0.682,25.23,3,0.001,0.0,0,explicit,False
r9_b1m0_s74,2,True,46.49,0.641,5.11,1,0.0,0.0,2,explicit,False
r9_b1m0_s74,3,True,46.21,0.374,25.36,4,0.0,0.0,0,explicit,False
r9_b1m0_s74,4,True,22.29,0.185,3.11,1,0.003,0.0,0,explicit,False
r9_b1m0_s76,0,True,13.78,0.033,7.23,4,0.0,0.0,0,explicit,False
r9_b1m0_s76,1,True,18.56,0.131,7.81,4,0.0,0.0,0,explicit,False
r9_b1m0_s76,2,True,16.23,0.131,5.76,4,0.0,0.0,0,explicit,False
r9_b1m0_s76,3,True,15.83,0.099,10.04,4,0.037,0.0,0,explicit,False
r9_b1m0_s76,4,True,19.96,0.178,10.81,4,0.0,0.0,0,explicit,False
r9_b1m0_s77,0,True,32.31,0.13,4.52,0,0.004,0.0,1,explicit,False
r9_b1m0_s77,1,True,30.88,0.118,2.08,1,0.003,0.0,1,explicit,False
r9_b1m0_s77,2,True,28.32,0.151,3.85,3,0.018,0.0,1,explicit,False
r9_b1m0_s77,3,True,31.1,0.135,5.96,5,0.0,0.0,0,explicit,False
r9_b1m0_s77,4,True,32.16,0.128,3.66,2,0.0,0.0,0,explicit,False
r9_b1m0_s78,0,True,21.16,0.115,2.72,4,0.0,0.0,1,explicit,False
r9_b1m0_s78,1,True,23.95,0.227,16.31,6,0.0,0.0,0,explicit,False
r9_b1m0_s78,2,True,43.75,0.509,20.95,7,0.0,0.0,1,explicit,False
r9_b1m0_s78,3,True,29.25,0.265,18.23,4,0.0,0.0,1,explicit,False
r9_b1m0_s78,4,True,22.19,0.337,16.56,4,0.0,0.0,0,explicit,False
r9_b1m0_s79,0,True,14.09,0.12,11.37,4,0.013,0.0,0,explicit,False
r9_b1m0_s79,1,True,15.95,0.124,12.51,4,0.018,0.0,0,explicit,False
r9_b1m0_s79,2,True,14.73,0.118,10.81,4,0.001,0.0,0,explicit,False
r9_b1m0_s79,3,True,14.13,0.108,11.92,4,0.003,0.0,0,explicit,False
r9_b1m0_s79,4,True,14.65,0.146,11.21,4,0.008,0.0,0,explicit,False
r9_b1m0_s7,0,True,51.62,0.397,8.69,4,0.0,0.0,1,explicit,False
r9_b1m0_s7,1,True,42.56,2.274,31.82,5,0.0,0.0,0,explicit,False
r9_b1m0_s7,2,True,16.98,1.408,33.43,4,0.0,0.0,0,explicit,False
r9_b1m0_s7,3,True,46.29,0.763,16.36,5,0.0,0.0,0,explicit,False
r9_b1m0_s7,4,True,34.58,0.392,39.0,5,0.0,0.0,0,explicit,False
r9_b1m0_s86,0,True,11.77,0.063,13.5,3,0.004,0.0,0,explicit,False
r9_b1m0_s86,1,True,8.87,0.031,11.54,0,0.0,0.0,1,explicit,True
r9_b1m0_s86,2,True,10.02,0.038,10.6,0,0.0,0.0,1,explicit,True
r9_b1m0_s86,3,True,9.32,0.054,12.82,3,0.0,0.0,1,explicit,False
r9_b1m0_s86,4,True,9.63,0.056,12.97,2,0.0,0.0,0,explicit,False
r9_b1m0_s8,0,True,41.06,0.537,4.93,4,0.0,0.0,0,explicit,False
r9_b1m0_s8,1,True,43.29,0.607,11.32,4,0.0,0.0,1,explicit,False
r9_b1m0_s8,2,True,38.91,0.657,11.4,4,0.0,0.0,0,explicit,False
r9_b1m0_s8,3,True,35.43,0.624,8.57,5,0.0,0.0,1,explicit,False
r9_b1m0_s8,4,True,39.77,0.586,6.99,4,0.0,0.0,0,explicit,False
r9_b1m0_s93,0,True,38.04,0.469,17.63,4,0.103,0.0,0,explicit,False
r9_b1m0_s93,1,True,27.64,0.143,13.38,7,0.0,0.0,0,explicit,False
r9_b1m0_s93,2,True,21.22,0.141,11.83,4,0.042,0.0,0,explicit,False
r9_b1m0_s93,3,True,32.42,0.331,9.39,5,0.002,0.0,0,explicit,False
r9_b1m0_s93,4,True,27.27,0.09,10.93,6,0.0,0.0,1,explicit,False
r9_b1m0_s96,0,True,17.12,0.135,12.13,4,0.0,0.0,0,explicit,False
r9_b1m0_s96,1,True,20.08,0.259,17.98,4,0.0,0.0,1,explicit,False
r9_b1m0_s96,2,True,19.14,0.206,14.43,4,0.0,0.0,2,explicit,False
r9_b1m0_s96,3,True,17.89,0.108,13.54,4,0.0,0.0,1,explicit,False
r9_b1m0_s96,4,True,22.12,0.193,13.15,4,0.0,0.0,0,explicit,False
r9_b1m0_s98,0,True,21.04,0.308,11.98,3,0.062,0.0,1,explicit,False
r9_b1m0_s98,1,True,18.38,0.287,11.71,4,0.006,0.0,0,explicit,False
r9_b1m0_s98,2,True,22.14,0.257,10.92,4,0.0,0.0,1,explicit,False
r9_b1m0_s98,3,True,17.77,0.265,11.39,3,0.015,0.0,1,explicit,False
r9_b1m0_s98,4,True,21.95,0.3,15.0,3,0.018,0.0,1,explicit,False
r9_b1m0_s99,0,True,26.47,1.303,31.0,4,0.0,0.0,0,explicit,False
r9_b1m0_s99,1,True,25.12,1.358,31.44,4,0.0,0.0,0,explicit,False
r9_b1m0_s99,2,True,24.97,1.457,33.83,5,0.0,0.0,1,explicit,False
r9_b1m0_s99,3,True,22.97,1.302,30.81,4,0.0,0.0,0,explicit,False
r9_b1m0_s99,4,True,25.72,1.304,30.7,4,0.0,0.0,1,explicit,False
