pdb,day,job,backbone,seq,model,ok,coord_atoms,coord_rmsd_vs_ref,pair_dist_rmsd_vs_ref,metal_fit_residual,angle_rmsd,lone_pair_dev,water_clash,water_min_dist,water_blocker,shell_hbond_n,shell_hbond_dist,shell_hbond_angle,shell_hbond_resid,probe_dist,probe_resid,pocket_hydrophobic,pocket_polar,pocket_ratio,escape_frac,metal_source,nb_status,pass,n_residues,n_frag_9,n_frag_12,cluster_r9_cut0.5,cluster_r9_cut0.6,cluster_r12_cut0.5,cluster_r12_cut0.6,cluster_rfull_cut0.5,cluster_rfull_cut0.6
fold_r5_b0_m1_s1_model_0.cif,day2,r5_b0_m1_s1,r5_b0_m1,s1,0,True,NE2/ND1/NE2,1.561634611548494,2.5614508360101373,2.6834683725278055,28.762432429531582,15.942008864888052,4,0.8807701586458181,GLU17/CD,1,3.1650065996643315,93.24779712222598,THR43/OG1,3.1650065996643315,THR43/OG1,14,38,0.2692307692307692,0.0,explicit,ok,False,214,22,55,5,5,7,5,1,1
fold_r5_b0_m1_s1_model_1.cif,day2,r5_b0_m1_s1,r5_b0_m1,s1,1,True,NE2/ND1/NE2,1.709311120359111,2.8251382168211343,2.8119819470136793,26.585198101538023,23.524235275434677,5,0.7742595594259732,GLU17/CD,0,99.0,-1.0,,3.9735239145236094,THR43/OG1,13,34,0.2765957446808511,0.0,explicit,ok,False,214,22,55,5,5,7,5,1,1
fold_r5_b0_m1_s1_model_2.cif,day2,r5_b0_m1_s1,r5_b0_m1,s1,2,True,NE2/ND1/NE2,1.8515556636271069,2.994167159827947,2.305561269692337,14.250807833070613,19.647290225407467,6,0.7384711432230726,GLU17/CD,1,3.2193581269190816,111.22368796677081,ARG182/NH1,4.228905685149677,THR43/OG1,15,25,0.375,0.0,explicit,ok,False,214,22,55,5,5,7,5,1,1
fold_r5_b0_m1_s1_model_3.cif,day2,r5_b0_m1_s1,r5_b0_m1,s1,3,True,NE2/ND1/NE2,2.0479954564504137,3.3107717901996065,2.368570702057988,18.215912344201428,41.207357357131094,6,1.0999242811188226,GLU17/OE2,0,99.0,-1.0,,3.9024821447393885,THR43/OG1,11,29,0.275,0.0,explicit,ok,False,214,22,55,5,5,7,5,1,1
fold_r5_b0_m1_s1_model_4.cif,day2,r5_b0_m1_s1,r5_b0_m1,s1,4,True,NE2/ND1/NE2,1.9073049902957564,2.9910948243809483,2.151709090864225,33.34035416059411,25.00030812666657,4,1.8262255195331034,GLU17/OE2,1,2.77648626737216,85.25596577798292,GLU185/OE1,5.188397313349219,THR43/OG1,17,30,0.3617021276595745,0.0,explicit,ok,False,214,22,55,5,5,7,5,1,1
fold_r5_b0_m1_s2_model_0.cif,day2,r5_b0_m1_s2,r5_b0_m1,s2,0,True,NE2/ND1/NE2,1.6488016453785166,2.534687123375563,2.2164431708398884,19.16734987960823,25.415035764512155,5,0.6671346151844908,GLU17/OE1,1,3.1312003337144705,100.47417842083034,THR43/OG1,3.1312003337144705,THR43/OG1,12,34,0.2608695652173913,0.0,explicit,ok,False,214,22,55,5,5,7,5,1,1
fold_r5_b0_m1_s2_model_1.cif,day2,r5_b0_m1_s2,r5_b0_m1,s2,1,True,NE2/ND1/NE2,1.4118718307332878,2.0840569216940863,1.603802467120903,22.05309669295089,14.712273901098811,7,0.8942148497556949,GLU17/CD,0,99.0,-1.0,,3.4539315346516726,THR43/OG1,15,29,0.3409090909090909,0.0,explicit,ok,False,214,22,55,5,5,7,5,1,1
fold_r5_b0_m1_s2_model_2.cif,day2,r5_b0_m1_s2,r5_b0_m1,s2,2,True,NE2/ND1/NE2,1.6098267778369415,2.536397086290552,2.112357648524397,14.056616245854848,23.434423629683682,5,0.8593393213666989,GLU17/OE1,1,2.984855692346903,99.86628804764408,THR43/OG1,2.984855692346903,THR43/OG1,13,30,0.3023255813953488,0.0,explicit,ok,False,214,22,55,5,5,7,5,1,1
fold_r5_b0_m1_s2_model_3.cif,day2,r5_b0_m1_s2,r5_b0_m1,s2,3,True,NE2/ND1/NE2,1.2701254423393855,1.845616881047213,1.3139347548337372,25.783313212642962,8.387081996130588,7,0.25134730334368,GLU17/OE1,0,99.0,-1.0,,3.8711273511129853,THR43/OG1,17,27,0.38636363636363635,0.0,explicit,ok,False,214,22,55,5,5,7,5,1,1
fold_r5_b0_m1_s2_model_4.cif,day2,r5_b0_m1_s2,r5_b0_m1,s2,4,True,NE2/ND1/NE2,1.278291861497164,1.9262975245365546,1.6109610128074219,17.095651328246483,22.102745325744053,5,0.7837047435410666,GLU17/OE1,0,99.0,-1.0,,3.4781954252319958,THR43/OG1,13,30,0.3023255813953488,0.0,explicit,ok,False,214,22,55,5,5,7,5,1,1
fold_r5_b0_m1_s3_model_0.cif,day2,r5_b0_m1_s3,r5_b0_m1,s3,0,True,NE2/ND1/NE2,2.2609158101704128,3.6780028090435337,2.561366780439842,27.787949075787875,49.43180882410349,8,0.7790610904177718,GLU17/OE1,0,99.0,-1.0,,4.398309742017838,THR43/OG1,16,27,0.37209302325581395,0.0,explicit,ok,False,214,22,55,5,5,7,5,1,1
fold_r5_b0_m1_s3_model_1.cif,day2,r5_b0_m1_s3,r5_b0_m1,s3,1,True,NE2/ND1/NE2,1.7732031740571454,2.8410390215260843,1.9990642486509158,25.563815320351605,33.52198246260076,8,1.4149944744246725,GLU185/OE1,0,99.0,-1.0,,4.650530749682732,THR43/OG1,11,28,0.28205128205128205,0.0,explicit,ok,False,214,22,55,5,5,7,5,1,1
fold_r5_b0_m1_s3_model_2.cif,day2,r5_b0_m1_s3,r5_b0_m1,s3,2,True,NE2/ND1/NE2,1.8806857173293021,3.0926771434948592,2.532828785282518,6.404231060360788,24.878046461115314,5,0.9727601024919422,GLU17/CD,0,99.0,-1.0,,4.658423472477201,THR43/OG1,12,32,0.2727272727272727,0.0,explicit,ok,False,214,22,55,5,5,7,5,1,1
fold_r5_b0_m1_s3_model_3.cif,day2,r5_b0_m1_s3,r5_b0_m1,s3,3,True,NE2/ND1/NE2,2.0733078875932827,3.414129243308996,2.465582559660123,12.520974751978846,58.379554193681464,8,1.7623765666636761,GLU17/OE2,1,2.4385086468526596,87.19949966008332,GLU185/OE2,4.118166831075833,THR43/OG1,14,26,0.35,0.0,explicit,ok,False,214,22,55,5,5,7,5,1,1
fold_r5_b0_m1_s3_model_4.cif,day2,r5_b0_m1_s3,r5_b0_m1,s3,4,True,NE2/NE2/NE2,1.999379730251643,3.2827834473729047,2.44193044492332,16.971658461599965,54.70855500886855,7,1.0730642960608894,GLU17/OE1,1,2.676441294598898,81.76064956211414,GLU185/OE1,3.753166220929081,THR43/OG1,15,32,0.3191489361702128,0.0,explicit,ok,False,214,22,55,5,5,7,5,1,1
fold_r5_b0_m1_s4_model_0.cif,day2,r5_b0_m1_s4,r5_b0_m1,s4,0,True,NE2/ND1/NE2,1.457788043615167,2.3515771854370713,1.553377777605636,19.04875747590168,27.432736811621513,4,1.0849118900571368,GLU17/OE1,1,2.805400530291798,96.43723474406818,THR43/OG1,2.805400530291798,THR43/OG1,20,31,0.39215686274509803,0.0,explicit,ok,False,214,22,55,5,5,7,5,1,1
fold_r5_b0_m1_s4_model_1.cif,day2,r5_b0_m1_s4,r5_b0_m1,s4,1,True,NE2/ND1/NE2,1.4347439501765304,2.274407768567873,1.5512603567540508,22.3908622504975,29.56626896646811,6,0.34679378564957736,GLU17/OE1,2,2.4587729213105107,120.12738719594331,GLU185/OE2,3.307083807029034,THR43/OG1,16,30,0.34782608695652173,0.0,explicit,ok,False,214,22,55,5,5,7,5,1,1
fold_r5_b0_m1_s4_model_2.cif,day2,r5_b0_m1_s4,r5_b0_m1,s4,2,True,NE2/ND1/NE2,1.5521729892761085,2.4132984532738386,1.6549899895989773,31.31604518240047,32.8735031954913,6,0.9217241335735163,GLU17/CD,2,2.6862422911611707,93.30772156688963,GLU185/OE2,3.569932307835418,THR43/OG1,16,30,0.34782608695652173,0.0,explicit,ok,False,214,22,55,5,5,7,5,1,1
fold_r5_b0_m1_s4_model_3.cif,day2,r5_b0_m1_s4,r5_b0_m1,s4,3,True,NE2/ND1/NE2,1.4878751784948276,2.3715247414248846,1.6259180377158033,22.259680803842485,27.440988571100338,6,0.5771397831883699,GLU17/OE1,1,3.2997393264618844,89.81713087480112,THR43/OG1,3.2997393264618844,THR43/OG1,15,31,0.32608695652173914,0.0,explicit,ok,False,214,22,55,5,5,7,5,1,1
fold_r5_b0_m1_s4_model_4.cif,day2,r5_b0_m1_s4,r5_b0_m1,s4,4,True,NE2/ND1/NE2,1.4912943187080259,2.3788279056925252,1.6524637013323937,25.195856372939872,31.535538200727885,8,1.2458945738345117,GLU17/OE2,1,2.6770796891478383,131.1574718891635,GLU185/OE1,3.6997876110862884,THR43/OG1,17,26,0.3953488372093023,0.0,explicit,ok,False,214,22,55,5,5,7,5,1,1
fold_r5_b0_m1_s5_model_0.cif,day2,r5_b0_m1_s5,r5_b0_m1,s5,0,True,ND1/NE2/NE2,1.0557941390596228,1.4454583620761476,1.2287990676077956,28.12378368930607,28.136014038193434,6,2.310462257368472,GLU17/OE1,0,99.0,-1.0,,6.164959526789644,THR43/OG1,10,19,0.3448275862068966,0.0,explicit,ok,False,214,22,55,5,5,7,5,1,1
fold_r5_b0_m1_s5_model_1.cif,day2,r5_b0_m1_s5,r5_b0_m1,s5,1,True,ND1/NE2/NE2,0.9656700303709757,1.3825503397752468,1.1892398495825849,30.4271340650906,27.538136301507596,6,1.8156433978876538,GLU17/OE1,1,3.338606114902802,111.31041718618319,GLU185/OE1,6.227833356031599,THR43/OG1,8,21,0.27586206896551724,0.0,explicit,ok,False,214,22,55,5,5,7,5,1,1
fold_r5_b0_m1_s5_model_2.cif,day2,r5_b0_m1_s5,r5_b0_m1,s5,2,True,ND1/NE2/NE2,1.1055464086392806,1.5998376700542059,1.3712624449370918,30.53927156310731,30.929084662809448,6,2.444102011742146,GLU185/CG,1,3.352700392652368,104.94769566735215,GLU185/OE2,6.719414358067002,THR43/OG1,10,21,0.3225806451612903,0.0,explicit,ok,False,214,22,55,5,5,7,5,1,1
fold_r5_b0_m1_s5_model_3.cif,day2,r5_b0_m1_s5,r5_b0_m1,s5,3,True,ND1/NE2/NE2,0.9965030783889075,1.418236317425453,1.2365045502700465,29.993839669602583,30.734129519812186,6,2.0057945266805803,GLU185/OE1,0,99.0,-1.0,,5.825036923648754,THR43/OG1,10,25,0.2857142857142857,0.0,explicit,ok,False,214,22,55,5,5,7,5,1,1
fold_r5_b0_m1_s5_model_4.cif,day2,r5_b0_m1_s5,r5_b0_m1,s5,4,True,ND1/NE2/NE2,0.989370103216756,1.3692226292972631,1.1368124740103793,27.924722565391384,27.373442886815297,5,1.9941291451351568,GLU185/OE1,2,2.5360341389613446,101.79135057159213,GLU17/OE2,5.8371686992097755,THR43/OG1,12,23,0.34285714285714286,0.0,explicit,ok,False,214,22,55,5,5,7,5,1,1
fold_r5_b0_m3_s1_model_0.cif,day1,r5_b0_m3_s1,r5_b0_m3,s1,0,True,NE2/NE2/ND1,0.6295283776402707,0.999820504795827,1.699444407746257,33.62508581229442,46.62562231770176,6,1.1307964982239707,HIS186/NE2,1,2.506714738927605,97.97728932668379,GLU141/OE2,4.922150535887522,THR137/OG1,10,39,0.20408163265306123,0.0,explicit,ok,False,214,23,60,6,6,10,8,2,2
fold_r5_b0_m3_s1_model_1.cif,day1,r5_b0_m3_s1,r5_b0_m3,s1,1,True,NE2/NE2/ND1,0.8681651641661654,1.3331642023925374,2.3155505401905154,47.70703707558202,41.60147197621071,5,1.2146109782659762,GLU141/OE2,1,3.3805805425430155,87.7263387124599,THR137/O,5.069118985055613,THR137/OG1,10,36,0.21739130434782608,0.0,explicit,ok,False,214,23,60,6,6,10,8,2,2
fold_r5_b0_m3_s1_model_2.cif,day1,r5_b0_m3_s1,r5_b0_m3,s1,2,True,NE2/NE2/ND1,0.6585409511190126,0.935292201738197,2.0397631601620505,51.16789883012441,55.460316836179,7,1.1795473287312128,GLU141/OE2,1,2.7562393108543275,138.92487448806477,HIS186/ND1,5.251191703834641,THR137/OG1,10,46,0.17857142857142858,0.0,explicit,ok,False,214,23,60,6,6,10,8,2,2
fold_r5_b0_m3_s1_model_3.cif,day1,r5_b0_m3_s1,r5_b0_m3,s1,3,True,NE2/NE2/NE2,0.7794170953859617,1.1999242502092364,1.392402965476188,17.12210102130206,51.88130098807549,8,1.755643755556076,GLU141/CD,1,3.179933221519473,86.91514252239283,HIS186/NE2,7.15471891055564,THR137/OG1,10,37,0.2127659574468085,0.0,explicit,ok,False,214,23,60,6,6,10,8,2,2
fold_r5_b0_m3_s1_model_4.cif,day1,r5_b0_m3_s1,r5_b0_m3,s1,4,True,NE2/NE2/NE2,0.8018720933447415,1.2445618406178305,1.716788729104399,28.36043647060111,57.748727281782585,8,1.587984381327238,HIS186/CE1,1,2.6344171112304644,121.4735193060261,HIS186/ND1,3.833494388017483,THR137/OG1,9,36,0.2,0.0,explicit,ok,False,214,23,60,6,6,10,8,2,2
fold_r5_b0_m3_s2_model_0.cif,day1,r5_b0_m3_s2,r5_b0_m3,s2,0,True,ND1/NE2/ND1,1.6007034796143584,2.455985901975923,4.014951477254727,63.85750136689687,61.817583614784134,8,1.674222384292633,HIS186/CD2,1,2.943248047528546,80.65798304469897,THR137/O,4.422065532963848,THR137/OG1,14,43,0.24561403508771928,0.0,explicit,ok,False,214,23,60,6,6,10,8,2,2
fold_r5_b0_m3_s2_model_1.cif,day1,r5_b0_m3_s2,r5_b0_m3,s2,1,True,ND1/NE2/ND1,1.6425170729240335,2.5571188049489657,4.173985224671834,68.38248545479802,65.83210386991931,6,1.5959978015487968,HIS186/CD2,1,2.735996859832149,111.19716664976559,THR137/OG1,2.735996859832149,THR137/OG1,13,35,0.2708333333333333,0.0,explicit,ok,False,214,23,60,6,6,10,8,2,2
fold_r5_b0_m3_s2_model_2.cif,day1,r5_b0_m3_s2,r5_b0_m3,s2,2,True,ND1/NE2/ND1,1.599757483917259,2.4698646913649154,4.04588805891479,64.4459713205164,61.23804792202568,5,1.8551870275212903,HIS186/CD2,1,3.2855380439505066,80.04224603623067,THR137/O,4.198075728650378,THR137/OG1,13,42,0.23636363636363636,0.0,explicit,ok,False,214,23,60,6,6,10,8,2,2
fold_r5_b0_m3_s2_model_3.cif,day1,r5_b0_m3_s2,r5_b0_m3,s2,3,True,ND1/NE2/ND1,1.5777752784586672,2.389388369025953,3.8813591033449173,64.1944282898854,59.80957459859886,7,1.7701341476631542,HIS186/CD2,0,99.0,-1.0,,4.413165173003322,THR137/OG1,8,42,0.16,0.0,explicit,ok,False,214,23,60,6,6,10,8,2,2
fold_r5_b0_m3_s2_model_4.cif,day1,r5_b0_m3_s2,r5_b0_m3,s2,4,True,ND1/NE2/ND1,1.5899858092357861,2.412708278125497,3.895562689609988,63.14934570424086,60.037079504918005,9,1.5618104237754804,THR137/CB,0,99.0,-1.0,,2.1681841698512594,THR137/OG1,12,40,0.23076923076923078,0.0,explicit,ok,False,214,23,60,6,6,10,8,2,2
fold_r5_b0_m3_s3_model_0.cif,day1,r5_b0_m3_s3,r5_b0_m3,s3,0,True,NE2/NE2/NE2,8.161555470922698,14.016371152256948,14.385222373768947,58.62136022781373,73.04135494892422,7,1.5176265631753134,GLU141/OE2,0,99.0,-1.0,,6.718990022995498,THR137/OG1,25,34,0.423728813559322,0.0,explicit,ok,False,214,23,60,6,6,10,8,2,2
fold_r5_b0_m3_s3_model_1.cif,day1,r5_b0_m3_s3,r5_b0_m3,s3,1,True,ND1/NE2/NE2,8.014357920092047,13.782422662493293,13.969843496956399,67.18706717567879,76.27486333806746,8,1.3083701305522533,GLU141/OE2,0,99.0,-1.0,,6.6892239552900525,THR137/OG1,25,35,0.4166666666666667,0.0,explicit,ok,False,214,23,60,6,6,10,8,2,2
fold_r5_b0_m3_s3_model_2.cif,day1,r5_b0_m3_s3,r5_b0_m3,s3,2,True,ND1/NE2/NE2,8.067893864345109,13.864699919867837,14.435645899121251,63.66495476263942,77.70199964449021,6,1.230257254815775,GLU141/OE2,0,99.0,-1.0,,6.958615961442124,THR137/OG1,24,35,0.4067796610169492,0.0,explicit,ok,False,214,23,60,6,6,10,8,2,2
fold_r5_b0_m3_s3_model_3.cif,day1,r5_b0_m3_s3,r5_b0_m3,s3,3,True,ND1/ND1/NE2,7.122083532431858,12.175071063766561,13.94717277218623,72.95855332388093,62.142307057745676,7,1.2545708114356866,GLU141/OE2,0,99.0,-1.0,,6.959374327519269,THR137/OG1,25,33,0.43103448275862066,0.0,explicit,ok,False,214,23,60,6,6,10,8,2,2
fold_r5_b0_m3_s3_model_4.cif,day1,r5_b0_m3_s3,r5_b0_m3,s3,4,True,ND1/NE2/NE2,7.4157909526804895,12.729603368006115,13.79778101817474,67.38493332263113,52.44661162980568,6,1.1896506702266938,GLU141/OE2,0,99.0,-1.0,,6.890806597139181,THR137/OG1,25,36,0.4098360655737705,0.0,explicit,ok,False,214,23,60,6,6,10,8,2,2
fold_r5_b0_m3_s4_model_0.cif,day1,r5_b0_m3_s4,r5_b0_m3,s4,0,True,NE2/NE2/NE2,0.429075711208613,0.6127220625348022,1.2749491452163553,32.94758467278941,29.382012689261643,11,1.8653871869820697,HIS166/ND1,0,99.0,-1.0,,8.197126549812909,THR137/OG1,15,32,0.3191489361702128,0.0,explicit,ok,False,214,23,60,6,6,10,8,2,2
fold_r5_b0_m3_s4_model_1.cif,day1,r5_b0_m3_s4,r5_b0_m3,s4,1,True,NE2/NE2/ND1,1.3665781310916505,2.1363547209770584,2.592463272534837,44.443545645979874,46.59233029171236,7,2.1635053463025287,HIS166/ND1,0,99.0,-1.0,,7.848809043992593,THR137/OG1,13,35,0.2708333333333333,0.0,explicit,ok,False,214,23,60,6,6,10,8,2,2
fold_r5_b0_m3_s4_model_2.cif,day1,r5_b0_m3_s4,r5_b0_m3,s4,2,True,NE2/NE2/NE2,1.6806511004145317,2.5969320905226576,3.2517881317040267,57.66430703590575,45.85479580240398,8,1.9857168319141065,GLU141/OE1,0,99.0,-1.0,,8.325490644146683,THR137/OG1,16,32,0.3333333333333333,0.0,explicit,ok,False,214,23,60,6,6,10,8,2,2
fold_r5_b0_m3_s4_model_3.cif,day1,r5_b0_m3_s4,r5_b0_m3,s4,3,True,NE2/NE2/NE2,0.1080008348324629,0.131043213232413,1.3649040073516427,47.12819818135524,25.061666240029663,8,1.4402069996587643,HIS166/ND1,1,3.220308907203511,105.79636440632055,HIS166/NE2,7.356447126889176,THR137/OG1,15,35,0.3,0.0,explicit,ok,False,214,23,60,6,6,10,8,2,2
fold_r5_b0_m3_s4_model_4.cif,day1,r5_b0_m3_s4,r5_b0_m3,s4,4,True,NE2/NE2/ND1,0.8289394165729989,1.231732955177031,2.0756072601033724,42.75708586317558,35.70306381973618,10,1.6702235834486459,HIS166/ND1,1,3.2191996552931887,105.93413237149457,HIS166/NE2,8.242565977491015,THR137/OG1,16,37,0.3018867924528302,0.0,explicit,ok,False,214,23,60,6,6,10,8,2,2
fold_r5_b0_m3_s5_model_0.cif,day1,r5_b0_m3_s5,r5_b0_m3,s5,0,True,NE2/NE2/NE2,0.20203944107956517,0.26167997461284437,1.5566337441817455,51.265266058517454,23.754026054078015,6,1.6725653650820784,GLU141/OE2,1,2.6486421942189957,91.32484567333101,HIS186/NE2,5.417450198258725,THR137/OG1,12,40,0.23076923076923078,0.0,explicit,ok,False,214,23,60,6,6,10,8,2,2
fold_r5_b0_m3_s5_model_1.cif,day1,r5_b0_m3_s5,r5_b0_m3,s5,1,True,NE2/NE2/NE2,0.25590752639163605,0.34526998697833017,1.336535252371675,41.04070470906413,28.74716802767654,9,1.8634532591648427,HIS166/ND1,1,3.0797288010610133,100.39253090895343,HIS186/NE2,5.565773062142108,THR137/OG1,9,38,0.19148936170212766,0.0,explicit,ok,False,214,23,60,6,6,10,8,2,2
fold_r5_b0_m3_s5_model_2.cif,day1,r5_b0_m3_s5,r5_b0_m3,s5,2,True,NE2/NE2/NE2,0.48594915207312395,0.6761402488790601,1.732121363837021,44.77142729289889,24.280718517309367,7,1.4000303211482314,GLU141/OE1,0,99.0,-1.0,,5.062813310300918,THR137/OG1,12,39,0.23529411764705882,0.0,explicit,ok,False,214,23,60,6,6,10,8,2,2
fold_r5_b0_m3_s5_model_3.cif,day1,r5_b0_m3_s5,r5_b0_m3,s5,3,True,NE2/NE2/ND1,0.41068053489998224,0.573783456607759,1.8155784474761998,51.060250568237215,32.17695445872286,10,1.953300593412729,HIS186/NE2,0,99.0,-1.0,,5.035888122817974,THR137/OG1,13,42,0.23636363636363636,0.0,explicit,ok,False,214,23,60,6,6,10,8,2,2
fold_r5_b0_m3_s5_model_4.cif,day1,r5_b0_m3_s5,r5_b0_m3,s5,4,True,NE2/NE2/ND1,0.6496710971435496,0.9621904119016387,2.512719156048908,62.54911270434023,39.493508685968344,8,2.1630853966021406,HIS166/ND1,0,99.0,-1.0,,5.5731525379099445,THR137/OG1,11,39,0.22,0.0,explicit,ok,False,214,23,60,6,6,10,8,2,2
fold_r5_b0_m5_s1_model_0.cif,day2,r5_b0_m5_s1,r5_b0_m5,s1,0,True,ND1/ND1/ND1,2.077066062571281,3.1593863777791094,2.691130868104696,28.54092256164368,47.28809688563641,9,1.3966294934516248,GLU35/OE2,1,3.1869514057726676,128.2884096983553,THR113/OG1,3.1869514057726676,THR113/OG1,11,32,0.2558139534883721,0.0,explicit,ok,False,214,19,47,3,3,3,3,1,1
fold_r5_b0_m5_s1_model_1.cif,day2,r5_b0_m5_s1,r5_b0_m5,s1,1,True,NE2/ND1/ND1,2.0909294530793088,3.365424836109139,2.7308734754909265,15.869193763319766,46.521428950794,7,1.6744770827059101,ASN37/ND2,1,3.3245483240006304,114.95334935117478,THR113/OG1,3.3245483240006304,THR113/OG1,13,33,0.2826086956521739,0.0,explicit,ok,False,214,19,47,3,3,3,3,1,1
fold_r5_b0_m5_s1_model_2.cif,day2,r5_b0_m5_s1,r5_b0_m5,s1,2,True,NE2/NE2/ND1,1.9598798028535045,3.0175373679007276,2.434169136782014,21.228610720778548,33.62489278893214,7,1.191825420211316,ASN37/ND2,1,2.8121298939855954,130.38759417275338,ASN37/OD1,3.4595135769130154,THR113/OG1,14,33,0.2978723404255319,0.0,explicit,ok,False,214,19,47,3,3,3,3,1,1
fold_r5_b0_m5_s1_model_3.cif,day2,r5_b0_m5_s1,r5_b0_m5,s1,3,True,NE2/NE2/ND1,2.387542250575565,3.7631276087297496,2.8648351359263304,21.82044915650246,38.92514148389678,6,1.1282410096874842,ASN37/ND2,1,2.825183783245244,129.66971830415486,ASN37/OD1,3.445355315817636,THR113/OG1,12,33,0.26666666666666666,0.0,explicit,ok,False,214,19,47,3,3,3,3,1,1
fold_r5_b0_m5_s1_model_4.cif,day2,r5_b0_m5_s1,r5_b0_m5,s1,4,True,NE2/NE2/ND1,0.4836701935383692,0.7905030820871203,0.8254551950707105,18.411109389736474,59.08203195363753,2,1.7358159185566588,HIS60/CE1,1,2.893872243453202,109.51774292462308,ASN37/ND2,5.245810617553392,THR113/OG1,19,31,0.38,0.0,explicit,ok,False,214,19,47,3,3,3,3,1,1
fold_r5_b0_m5_s2_model_0.cif,day2,r5_b0_m5_s2,r5_b0_m5,s2,0,True,NE2/ND1/NE2,1.1819592371161511,1.9766391521963076,2.570148368350946,38.046599091902706,57.850866060082446,5,0.5753926811614586,GLU35/OE2,1,3.0735134619583087,118.41033894369592,THR113/OG1,3.0735134619583087,THR113/OG1,11,30,0.2682926829268293,0.0,explicit,ok,False,214,19,47,3,3,3,3,1,1
fold_r5_b0_m5_s2_model_1.cif,day2,r5_b0_m5_s2,r5_b0_m5,s2,1,True,NE2/ND1/ND1,0.8887345496695962,1.5302514449864084,2.042468129523421,37.17754824049831,60.53363890737912,7,1.4122818916240332,GLU84/OE2,1,3.1012788565068745,94.29414405451699,GLU84/OE1,5.139978805955829,THR113/OG1,13,28,0.3170731707317073,0.0,explicit,ok,False,214,19,47,3,3,3,3,1,1
fold_r5_b0_m5_s2_model_2.cif,day2,r5_b0_m5_s2,r5_b0_m5,s2,2,True,NE2/ND1/ND1,1.0921690667375819,1.8892369553953476,1.9972166876838109,36.06784077577976,60.20003957027273,6,1.1619481225277943,GLU35/OE1,0,99.0,-1.0,,5.2231899753235345,THR113/OG1,12,32,0.2727272727272727,0.0,explicit,ok,False,214,19,47,3,3,3,3,1,1
fold_r5_b0_m5_s2_model_3.cif,day2,r5_b0_m5_s2,r5_b0_m5,s2,3,True,NE2/NE2/ND1,1.034132049548606,1.7855136679547234,2.930748582526239,50.73945079812809,43.9864697401301,8,1.5729028153901634,GLU37/CB,1,3.210896782348519,88.62193988303878,THR113/OG1,3.210896782348519,THR113/OG1,20,30,0.4,0.0,explicit,ok,False,214,19,47,3,3,3,3,1,1
fold_r5_b0_m5_s2_model_4.cif,day2,r5_b0_m5_s2,r5_b0_m5,s2,4,True,NE2/NE2/ND1,1.2460357599968763,2.0261480665584313,2.305880709006933,29.05039310829374,30.548635038953723,4,2.1514916404172566,HIS59/CE1,1,3.1956769969122814,85.97868007685742,HIS59/NE2,6.630836857543668,THR113/OG1,15,29,0.3409090909090909,0.0,explicit,ok,False,214,19,47,3,3,3,3,1,1
fold_r5_b0_m5_s3_model_0.cif,day2,r5_b0_m5_s3,r5_b0_m5,s3,0,True,NE2/ND1/NE2,0.34256563668597123,0.5493026967818848,1.3110750058253333,32.53830688581374,34.340476280199,7,1.2698823274918345,GLU37/OE1,1,3.3293248881163806,117.38450548552203,THR113/OG1,3.3293248881163806,THR113/OG1,20,29,0.40816326530612246,0.0,explicit,ok,False,214,19,47,3,3,3,3,1,1
fold_r5_b0_m5_s3_model_1.cif,day2,r5_b0_m5_s3,r5_b0_m5,s3,1,True,NE2/ND1/NE2,1.1565549053726458,1.8176923151803803,2.43511909652807,38.115418280753595,46.58065726340587,6,1.2309332090510319,GLU35/OE2,2,3.2220599609149105,126.45609540446857,THR113/OG1,3.2220599609149105,THR113/OG1,20,30,0.4,0.0,explicit,ok,False,214,19,47,3,3,3,3,1,1
fold_r5_b0_m5_s3_model_2.cif,day2,r5_b0_m5_s3,r5_b0_m5,s3,2,True,NE2/ND1/NE2,0.7857408621700819,1.2358659980228561,1.704355440588705,28.19325085814986,45.979069613132346,6,0.7273156754961067,GLU35/OE2,1,2.84707720295248,133.88212270334,THR113/OG1,2.84707720295248,THR113/OG1,19,30,0.3877551020408163,0.0,explicit,ok,False,214,19,47,3,3,3,3,1,1
fold_r5_b0_m5_s3_model_3.cif,day2,r5_b0_m5_s3,r5_b0_m5,s3,3,True,NE2/ND1/NE2,1.4203929182807395,2.2740283234382437,2.8087685176466715,39.823569743969266,52.4810590052887,7,1.184449198421259,GLU35/OE2,1,2.937706043701587,128.79012161376656,THR113/OG1,2.937706043701587,THR113/OG1,20,32,0.38461538461538464,0.0,explicit,ok,False,214,19,47,3,3,3,3,1,1
fold_r5_b0_m5_s3_model_4.cif,day2,r5_b0_m5_s3,r5_b0_m5,s3,4,True,NE2/ND1/NE2,1.125528793006256,1.8403091150645547,2.1956888632650364,29.168583650209815,45.5899840803308,6,1.4437787404348723,GLU35/OE2,2,2.782050428869736,83.17829257768184,GLU37/OE2,2.919149403373131,THR113/OG1,16,30,0.34782608695652173,0.0,explicit,ok,False,214,19,47,3,3,3,3,1,1
fold_r5_b0_m5_s4_model_0.cif,day2,r5_b0_m5_s4,r5_b0_m5,s4,0,True,NE2/ND1/ND1,1.2820813661886954,2.080624980133105,1.6971715171974966,24.894032598834595,39.18873794393086,5,1.2167088658021334,GLU84/OE2,2,2.6573379877275785,83.85257490820915,GLU35/OE2,5.5509528073105,THR113/OG1,17,28,0.37777777777777777,0.0,explicit,ok,False,214,19,47,3,3,3,3,1,1
fold_r5_b0_m5_s4_model_1.cif,day2,r5_b0_m5_s4,r5_b0_m5,s4,1,True,NE2/ND1/ND1,1.0106405103801825,1.5416846628883671,2.198356085574124,45.066020609075665,26.588907121623393,4,1.5508927671505754,GLU35/OE2,0,99.0,-1.0,,2.7582063173644538,THR113/OG1,11,32,0.2558139534883721,0.0,explicit,ok,False,214,19,47,3,3,3,3,1,1
fold_r5_b0_m5_s4_model_2.cif,day2,r5_b0_m5_s4,r5_b0_m5,s4,2,True,NE2/ND1/ND1,1.378775597623162,2.053848261049139,2.2653549482430733,39.02283742198405,39.23071680302718,3,2.524497399245866,VAL37/CG2,1,2.524497399245866,89.1463176215561,GLU35/OE2,2.9695829279012993,THR113/OG1,8,31,0.20512820512820512,0.0,explicit,ok,False,214,19,47,3,3,3,3,1,1
fold_r5_b0_m5_s4_model_3.cif,day2,r5_b0_m5_s4,r5_b0_m5,s4,3,True,NE2/ND1/NE2,1.0090978032070907,1.6722295267409637,1.9690615176118416,26.63714535343093,61.32254998239159,7,0.9173734242261334,GLU35/OE2,0,99.0,-1.0,,2.197265812162671,THR113/OG1,14,34,0.2916666666666667,0.0,explicit,ok,False,214,19,47,3,3,3,3,1,1
fold_r5_b0_m5_s4_model_4.cif,day2,r5_b0_m5_s4,r5_b0_m5,s4,4,True,NE2/ND1/ND1,1.5325488706499077,2.3834670691886597,2.1476873838125417,29.72780393619024,49.032154432723566,1,3.045048395491158,HIS59/CE1,1,3.1440882802450987,85.43068093391098,HIS59/ND1,5.223120132871426,THR113/OG1,16,29,0.35555555555555557,0.0,explicit,ok,False,214,19,47,3,3,3,3,1,1
fold_r5_b0_m5_s5_model_0.cif,day2,r5_b0_m5_s5,r5_b0_m5,s5,0,True,NE2/NE2/ND1,1.8623302371370154,2.7351514493122826,1.6752755774049528,30.125767110281508,43.44747889643193,9,1.514937296205963,GLU84/OE2,0,99.0,-1.0,,4.235861639973524,THR113/OG1,13,28,0.3170731707317073,0.0,explicit,ok,False,214,19,47,3,3,3,3,1,1
fold_r5_b0_m5_s5_model_1.cif,day2,r5_b0_m5_s5,r5_b0_m5,s5,1,True,NE2/NE2/ND1,1.8468346664986006,2.6360303971619152,1.5867770409126651,32.46146071123594,46.13987948816006,9,1.0923910156128334,GLU84/OE2,2,2.412598879611573,84.70982843182722,GLU35/OE2,4.627526063488008,THR113/OG1,13,31,0.29545454545454547,0.0,explicit,ok,False,214,19,47,3,3,3,3,1,1
fold_r5_b0_m5_s5_model_2.cif,day2,r5_b0_m5_s5,r5_b0_m5,s5,2,True,NE2/ND1/ND1,1.6202882847306768,2.118673802536361,1.650269822347388,30.753815414809168,42.07318652752472,5,0.9501404629845976,GLU35/OE2,1,2.849026909514467,109.59747283640516,ASN37/ND2,3.5071441585026575,THR113/OG1,12,30,0.2857142857142857,0.0,explicit,ok,False,214,19,47,3,3,3,3,1,1
fold_r5_b0_m5_s5_model_3.cif,day2,r5_b0_m5_s5,r5_b0_m5,s5,3,True,NE2/ND1/ND1,1.5381192974227273,2.129364519111919,1.372200722047875,27.313544471021604,35.73228371237153,8,1.110983893531697,GLU84/OE2,0,99.0,-1.0,,4.741554022550233,THR113/OG1,13,32,0.28888888888888886,0.0,explicit,ok,False,214,19,47,3,3,3,3,1,1
fold_r5_b0_m5_s5_model_4.cif,day2,r5_b0_m5_s5,r5_b0_m5,s5,4,True,NE2/ND1/ND1,0.2748572423594221,0.43653616000166745,0.8616046473279169,43.91520577789706,30.758509405529253,3,1.8601087928759659,GLU35/OE2,1,2.7647101904270586,126.47793538212117,ASN37/ND2,3.6360641701324248,THR113/OG1,12,29,0.2926829268292683,0.0,explicit,ok,False,214,19,47,3,3,3,3,1,1
fold_r5_b0_m6_s1_model_0.cif,day2,r5_b0_m6_s1,r5_b0_m6,s1,0,True,NE2/NE2/ND1,1.2159587677809216,1.9047228902577622,2.758985332494343,46.950411953606306,54.24906366286791,3,1.8753033371231935,HIS115/NE2,1,3.3556887138337443,91.6823014048586,HIS115/ND1,5.443597615645102,THR112/OG1,9,37,0.1956521739130435,0.0,explicit,ok,False,214,23,52,11,11,9,7,1,1
fold_r5_b0_m6_s1_model_1.cif,day2,r5_b0_m6_s1,r5_b0_m6,s1,1,True,NE2/NE2/ND1,0.14509090417965492,0.18105547292997326,0.5863408715817625,19.820844200154905,34.88928653504667,5,1.34931332853522,HIS115/NE2,1,3.0607038016793684,104.5493169004499,HIS115/ND1,5.1781705272183265,THR112/OG1,9,40,0.1836734693877551,0.0,explicit,ok,False,214,23,52,11,11,9,7,1,1
fold_r5_b0_m6_s1_model_2.cif,day2,r5_b0_m6_s1,r5_b0_m6,s1,2,True,NE2/NE2/ND1,0.20516612464956704,0.25670712984163785,0.5052540015278764,15.382779349045773,35.13857815350574,4,1.347579130216887,HIS115/NE2,1,3.0213889904810367,104.41144889689716,HIS115/ND1,5.272982613998485,THR112/OG1,14,40,0.25925925925925924,0.0,explicit,ok,False,214,23,52,11,11,9,7,1,1
fold_r5_b0_m6_s1_model_3.cif,day2,r5_b0_m6_s1,r5_b0_m6,s1,3,True,ND1/NE2/ND1,3.7999261916433213,6.337501885003343,5.2724975127594504,21.65149516516993,41.81595094400203,4,0.9370991491517922,HIS115/NE2,1,2.67942054130123,119.73377505597287,HIS115/ND1,4.8062742823984035,THR112/OG1,11,36,0.23404255319148937,0.0,explicit,ok,False,214,23,52,11,11,9,7,1,1
fold_r5_b0_m6_s1_model_4.cif,day2,r5_b0_m6_s1,r5_b0_m6,s1,4,True,NE2/NE2/ND1,2.3035380783313992,3.768599734419992,3.5613076544888664,26.272950533978385,35.03601203354128,4,1.1112985138311244,HIS115/NE2,3,2.572924735105772,87.64901067205106,TYR24/OH,4.929943921715805,THR112/OG1,8,37,0.17777777777777778,0.0,explicit,ok,False,214,23,52,11,11,9,7,1,1
fold_r5_b0_m6_s2_model_0.cif,day2,r5_b0_m6_s2,r5_b0_m6,s2,0,True,NE2/NE2/NE2,0.1133204202826058,0.1557661826374537,0.11498739039893129,9.071799236309454,25.24535747423593,5,1.8407276808233535,GLU111/CD,1,2.8574706274267228,111.02205957280636,PHE136/O,7.628898805715862,THR112/OG1,18,28,0.391304347826087,0.0,explicit,ok,False,214,23,52,11,11,9,7,1,1
fold_r5_b0_m6_s2_model_1.cif,day2,r5_b0_m6_s2,r5_b0_m6,s2,1,True,NE2/NE2/NE2,0.0680905703524777,0.08536906854283528,0.17924183629182744,6.245754675719784,32.05850273613422,4,0.6639644858709626,GLU111/OE2,0,99.0,-1.0,,7.217551229369978,THR112/OG1,19,29,0.3958333333333333,0.0,explicit,ok,False,214,23,52,11,11,9,7,1,1
fold_r5_b0_m6_s2_model_2.cif,day2,r5_b0_m6_s2,r5_b0_m6,s2,2,True,ND1/NE2/ND1,0.9483236102687367,1.5894090005120103,1.8124667904367688,31.556342784943546,52.122355135899845,4,1.536808330528631,GLU111/OE1,0,99.0,-1.0,,8.045311981550956,THR112/OG1,14,31,0.3111111111111111,0.0,explicit,ok,False,214,23,52,11,11,9,7,1,1
fold_r5_b0_m6_s2_model_3.cif,day2,r5_b0_m6_s2,r5_b0_m6,s2,3,True,NE2/NE2/NE2,0.3071377115954217,0.3820565079090731,0.2450146683799487,22.947714161447063,22.111792364617354,3,1.4604592920584576,GLU111/OE2,2,2.828401836021796,117.42914907315202,GLU111/OE1,7.869683810591315,THR112/OG1,13,30,0.3023255813953488,0.0,explicit,ok,False,214,23,52,11,11,9,7,1,1
fold_r5_b0_m6_s2_model_4.cif,day2,r5_b0_m6_s2,r5_b0_m6,s2,4,True,NE2/NE2/NE2,0.06957115758868043,0.0870929383496115,0.6433721393086945,27.340637656476236,36.99254235482466,7,1.2985776535358466,GLU111/OE2,1,3.2629002142475247,102.19476892362256,PHE136/O,7.151785828742416,THR112/OG1,14,35,0.2857142857142857,0.0,explicit,ok,False,214,23,52,11,11,9,7,1,1
fold_r5_b0_m6_s3_model_0.cif,day2,r5_b0_m6_s3,r5_b0_m6,s3,0,True,NE2/NE2/ND1,0.11251399652917587,0.1870789132216871,0.20148586113537392,13.63990534312077,20.385223033550872,6,1.6141006100926465,ASP20/CA,2,2.7857856466022697,85.22318544223158,GLY21/N,8.211988177089061,THR112/OG1,19,37,0.3392857142857143,0.0,explicit,ok,False,214,23,52,11,11,9,7,1,1
fold_r5_b0_m6_s3_model_1.cif,day2,r5_b0_m6_s3,r5_b0_m6,s3,1,True,NE2/NE2/ND1,0.11008875830320324,0.1766682246662499,0.08724228266826893,9.268498600523364,21.578670003905092,0,3.7931891353395004,,0,99.0,-1.0,,8.23678356467781,THR112/OG1,17,28,0.37777777777777777,0.0,explicit,ok,False,214,23,52,11,11,9,7,1,1
fold_r5_b0_m6_s3_model_2.cif,day2,r5_b0_m6_s3,r5_b0_m6,s3,2,True,ND1/NE2/ND1,1.3561419371552867,2.221699959430073,2.5532801531322122,31.353714465553004,52.009679885974556,6,0.2654224544599569,GLU12/OE1,1,2.6264662491165125,102.60400457056436,GLU12/N,8.134977019933576,THR112/OG1,15,35,0.3,0.0,explicit,ok,False,214,23,52,11,11,9,7,1,1
fold_r5_b0_m6_s3_model_3.cif,day2,r5_b0_m6_s3,r5_b0_m6,s3,3,True,NE2/NE2/ND1,0.19769209022370982,0.312667839183421,0.7698017445478048,22.95438447877315,42.828461839845055,7,0.616015491279025,GLU12/OE1,0,99.0,-1.0,,8.165407840379904,THR112/OG1,14,35,0.2857142857142857,0.0,explicit,ok,False,214,23,52,11,11,9,7,1,1
fold_r5_b0_m6_s3_model_4.cif,day2,r5_b0_m6_s3,r5_b0_m6,s3,4,True,ND1/NE2/ND1,0.9589698111527917,1.5938917468257792,1.5610172340555333,17.563906617911872,53.75865874714881,4,1.1435340542827646,GLU12/OE1,2,2.588169599698898,104.067962739958,GLU12/OE2,7.608221968335752,THR112/OG1,13,35,0.2708333333333333,0.0,explicit,ok,False,214,23,52,11,11,9,7,1,1
fold_r5_b0_m6_s4_model_0.cif,day2,r5_b0_m6_s4,r5_b0_m6,s4,0,True,ND1/ND1/ND1,1.6429711650425711,2.33089835146491,2.49322299828173,42.10372298979695,46.5070883729739,5,1.1747072950319717,HIS115/NE2,1,3.144101740475898,110.83647511329778,HIS115/ND1,5.4145297903126,THR112/OG1,18,34,0.34615384615384615,0.0,explicit,ok,False,214,23,52,11,11,9,7,1,1
fold_r5_b0_m6_s4_model_1.cif,day2,r5_b0_m6_s4,r5_b0_m6,s4,1,True,ND1/ND1/ND1,1.6411162959244954,2.6818522028785945,2.973580770944561,39.11271456618811,74.64146918086205,5,1.3050973803406698,HIS115/NE2,1,3.0047364763242967,110.33176517619766,HIS115/ND1,5.451647856322202,THR112/OG1,15,38,0.2830188679245283,0.0,explicit,ok,False,214,23,52,11,11,9,7,1,1
fold_r5_b0_m6_s4_model_2.cif,day2,r5_b0_m6_s4,r5_b0_m6,s4,2,True,ND1/ND1/ND1,1.884628867666543,2.9299709646944234,3.2868372699985304,43.15066173222335,39.42293696424701,4,1.7099762499385522,HIS115/CD2,0,99.0,-1.0,,5.705098048509377,THR112/OG1,24,34,0.41379310344827586,0.0,explicit,ok,False,214,23,52,11,11,9,7,1,1
fold_r5_b0_m6_s4_model_3.cif,day2,r5_b0_m6_s4,r5_b0_m6,s4,3,True,ND1/ND1/ND1,1.0838059347795654,1.7028312001550316,2.066593029196695,30.13538419898108,50.742106117392474,6,1.7389904613463019,HIS115/CE1,2,2.828467287186015,111.0713259886307,HIS115/ND1,5.114544091622586,THR112/OG1,10,35,0.2222222222222222,0.0,explicit,ok,False,214,23,52,11,11,9,7,1,1
fold_r5_b0_m6_s4_model_4.cif,day2,r5_b0_m6_s4,r5_b0_m6,s4,4,True,NE2/ND1/ND1,0.4374207083696965,0.48080988128757013,0.32054701910980143,20.36891290892812,18.91545888466288,4,0.985185266472029,HIS115/NE2,1,3.0496605986784524,106.391778468513,HIS115/ND1,5.253275491530369,THR112/OG1,20,34,0.37037037037037035,0.0,explicit,ok,False,214,23,52,11,11,9,7,1,1
fold_r5_b0_m6_s5_model_0.cif,day2,r5_b0_m6_s5,r5_b0_m6,s5,0,True,ND1/ND1/ND1,1.4511076866219226,2.1104175783212282,1.6988451095879844,23.410155759218544,39.80683329236288,3,0.3845668575561802,GLU12/OE2,2,2.5542609886940153,93.05630325053146,GLU12/OE1,6.724464020269135,THR112/OG1,12,39,0.23529411764705882,0.0,explicit,ok,False,214,23,52,11,11,9,7,1,1
fold_r5_b0_m6_s5_model_1.cif,day2,r5_b0_m6_s5,r5_b0_m6,s5,1,True,ND1/ND1/NE2,1.3831709729429131,1.9359767501487357,1.6851340105670052,27.485291123182318,54.1625170420942,4,0.7589050983954456,GLU12/OE2,2,2.5713379283478917,88.60533157574251,GLU111/OE1,7.383724580441475,THR112/OG1,12,36,0.25,0.0,explicit,ok,False,214,23,52,11,11,9,7,1,1
fold_r5_b0_m6_s5_model_2.cif,day2,r5_b0_m6_s5,r5_b0_m6,s5,2,True,ND1/ND1/ND1,2.629058911154557,4.20596711581036,3.51388334396325,24.03777851556092,41.50724997010405,4,0.47539554364262826,GLU12/OE2,1,3.199587146520511,105.29890378637822,GLU111/OE1,7.226603646741828,THR112/OG1,11,36,0.23404255319148937,0.0,explicit,ok,False,214,23,52,11,11,9,7,1,1
fold_r5_b0_m6_s5_model_3.cif,day2,r5_b0_m6_s5,r5_b0_m6,s5,3,True,ND1/ND1/ND1,2.6763303676979096,4.3771933041698885,3.429331245827128,15.832573661888805,48.68498852174474,4,0.7591788708637052,GLU12/OE2,1,2.939895660970329,101.9854345738577,GLU111/OE1,7.366999310572923,THR112/OG1,11,34,0.24444444444444444,0.0,explicit,ok,False,214,23,52,11,11,9,7,1,1
fold_r5_b0_m6_s5_model_4.cif,day2,r5_b0_m6_s5,r5_b0_m6,s5,4,True,ND1/ND1/ND1,0.6494499227254956,0.9956703485781039,0.6892104973700995,18.189230698070688,42.98756275924338,4,0.9016696164242375,GLU12/OE2,1,2.9821526423075007,106.65474178835373,GLU111/OE1,7.5419172709876365,THR112/OG1,12,38,0.24,0.0,explicit,ok,False,214,23,52,11,11,9,7,1,1
fold_r5_b0_m7_s1_model_0.cif,day1,r5_b0_m7_s1,r5_b0_m7,s1,0,True,ND1/NE2/ND1,2.463165100914306,3.787425352672083,3.6038616691773093,44.11988474628482,72.89683047832585,5,2.406565293664434,LEU112/CD2,0,99.0,-1.0,,6.596854857994922,THR10/OG1,10,38,0.20833333333333334,0.0,explicit,ok,False,214,23,48,7,7,8,6,1,1
fold_r5_b0_m7_s1_model_1.cif,day1,r5_b0_m7_s1,r5_b0_m7,s1,1,True,ND1/ND1/ND1,2.987192393086445,4.661366540186455,3.6416231132183556,50.466180582516714,54.63196769917371,7,0.8933979944113613,HIS105/NE2,1,2.6347411280423145,128.24543126252073,HIS105/ND1,6.006317694122309,THR10/OG1,17,34,0.3333333333333333,0.0,explicit,ok,False,214,23,48,7,7,8,6,1,1
fold_r5_b0_m7_s1_model_2.cif,day1,r5_b0_m7_s1,r5_b0_m7,s1,2,True,ND1/NE2/ND1,2.3971668112319566,3.398093939948823,3.537338064675014,56.66215184774687,52.12850847591474,4,1.614757658474076,HIS105/CD2,1,3.1181923476127387,111.0698119023933,HIS105/ND1,6.39854193198043,THR10/OG1,20,33,0.37735849056603776,0.0,explicit,ok,False,214,23,48,7,7,8,6,1,1
fold_r5_b0_m7_s1_model_3.cif,day1,r5_b0_m7_s1,r5_b0_m7,s1,3,True,ND1/NE2/ND1,2.822667859608703,4.6899670908184685,3.8627170592156754,41.27299266889791,75.75691979837886,3,2.869809136503003,GLU115/CB,1,2.9476041592519504,113.84194677301754,GLU115/OE2,6.25824917504024,THR10/OG1,13,33,0.2826086956521739,0.0,explicit,ok,False,214,23,48,7,7,8,6,1,1
fold_r5_b0_m7_s1_model_4.cif,day1,r5_b0_m7_s1,r5_b0_m7,s1,4,True,ND1/ND1/ND1,2.2419813981691648,3.485841787812889,2.704148765130324,50.36971579487319,75.35311829288328,4,2.148610782198092,GLU53/OE2,1,3.1285142511856603,86.79865216376858,THR10/OG1,3.1285142511856603,THR10/OG1,13,35,0.2708333333333333,0.0,explicit,ok,False,214,23,48,7,7,8,6,1,1
fold_r5_b0_m7_s2_model_0.cif,day1,r5_b0_m7_s2,r5_b0_m7,s2,0,True,ND1/NE2/NE2,1.3337033319893197,1.9494961889076057,1.4423824513500483,23.087621533804487,52.09914875815851,1,2.372970212845976,GLU53/CB,0,99.0,-1.0,,6.153120141375871,THR10/OG1,12,35,0.2553191489361702,0.0,explicit,ok,False,214,23,48,7,7,8,6,1,1
fold_r5_b0_m7_s2_model_1.cif,day1,r5_b0_m7_s2,r5_b0_m7,s2,1,True,ND1/NE2/NE2,2.020827681646559,2.9194613310334714,2.0215493884925113,31.16479432904665,44.59408562471021,8,1.9112740144478877,GLU115/OE1,0,99.0,-1.0,,6.014242788671006,THR10/OG1,14,33,0.2978723404255319,0.0,explicit,ok,False,214,23,48,7,7,8,6,1,1
fold_r5_b0_m7_s2_model_2.cif,day1,r5_b0_m7_s2,r5_b0_m7,s2,2,True,ND1/ND1/NE2,2.510640824788733,3.8123734997672196,2.3922066959467156,27.665841444045004,56.588038935381725,5,2.405796571864076,GLU53/CG,2,2.8198089647516276,98.71056535427934,GLU115/OE2,6.683672685480152,THR10/OG1,12,37,0.24489795918367346,0.0,explicit,ok,False,214,23,48,7,7,8,6,1,1
fold_r5_b0_m7_s2_model_3.cif,day1,r5_b0_m7_s2,r5_b0_m7,s2,3,True,ND1/NE2/ND1,1.6178835508953704,2.101941366015297,1.85918788743287,32.44494996511016,65.7187218420164,7,1.9697853984859166,GLU115/OE1,1,2.5650619226694142,111.05896214785555,SER201/OG,4.941782809357539,THR10/OG1,12,38,0.24,0.0,explicit,ok,False,214,23,48,7,7,8,6,1,1
fold_r5_b0_m7_s2_model_4.cif,day1,r5_b0_m7_s2,r5_b0_m7,s2,4,True,ND1/NE2/ND1,1.8389063031638786,2.299189697704297,1.8724397135126547,35.55054857780802,65.6344667774056,6,0.8036715322142753,GLU53/OE1,0,99.0,-1.0,,5.384804536090826,THR10/OG1,9,35,0.20454545454545456,0.0,explicit,ok,False,214,23,48,7,7,8,6,1,1
fold_r5_b0_m7_s3_model_0.cif,day1,r5_b0_m7_s3,r5_b0_m7,s3,0,True,NE2/NE2/NE2,1.8792539042115648,3.0346785220514945,3.491425785323177,42.48539668262846,44.53425011592875,8,0.64616581275026,HIS18/NE2,1,2.9819404064434982,97.54808509548734,GLY13/N,5.706024724881563,THR10/OG1,8,35,0.18604651162790697,0.0,explicit,ok,False,214,23,48,7,7,8,6,1,1
fold_r5_b0_m7_s3_model_1.cif,day1,r5_b0_m7_s3,r5_b0_m7,s3,1,True,NE2/NE2/ND1,1.8932994359345112,2.9852229438854487,3.700199022794513,52.49208270508602,47.29398514588819,8,0.6517493713243372,HIS18/NE2,0,99.0,-1.0,,6.072552931495742,THR10/OG1,11,40,0.21568627450980393,0.0,explicit,ok,False,214,23,48,7,7,8,6,1,1
fold_r5_b0_m7_s3_model_2.cif,day1,r5_b0_m7_s3,r5_b0_m7,s3,2,True,NE2/NE2/ND1,1.9809536733752946,3.1285889850782898,3.6602145893689104,48.853669646326146,44.27080206770231,7,0.8764851866694345,HIS18/NE2,2,2.8631331776962536,128.06790107125065,HIS18/ND1,5.955479554614203,THR10/OG1,6,38,0.13636363636363635,0.0,explicit,ok,False,214,23,48,7,7,8,6,1,1
fold_r5_b0_m7_s3_model_3.cif,day1,r5_b0_m7_s3,r5_b0_m7,s3,3,True,NE2/NE2/ND1,1.9159811048685897,3.0316209780526537,3.6371255367056277,48.78035547061435,42.440548161276375,7,1.2544246350729042,HIS18/NE2,2,2.869808462850345,98.77919264240356,GLY13/N,5.758701297578119,THR10/OG1,6,37,0.13953488372093023,0.0,explicit,ok,False,214,23,48,7,7,8,6,1,1
fold_r5_b0_m7_s3_model_4.cif,day1,r5_b0_m7_s3,r5_b0_m7,s3,4,True,NE2/NE2/ND1,1.9475373069872999,3.064350762048861,3.6464216062902453,49.84698496476495,45.16331399826604,10,1.1291189854179218,HIS18/NE2,2,2.9093906826397986,93.71853619455256,GLY13/N,5.809183761048774,THR10/OG1,7,38,0.15555555555555556,0.0,explicit,ok,False,214,23,48,7,7,8,6,1,1
fold_r5_b0_m7_s4_model_0.cif,day1,r5_b0_m7_s4,r5_b0_m7,s4,0,True,ND1/NE2/NE2,6.334812386055186,10.772477985520995,21.369207546313508,78.10812466069126,57.77494290073509,3,1.7009119739412595,HIS178/NE2,0,99.0,-1.0,,22.201942970144945,THR10/OG1,5,18,0.21739130434782608,0.0,explicit,ok,False,214,23,48,7,7,8,6,1,1
fold_r5_b0_m7_s4_model_1.cif,day1,r5_b0_m7_s4,r5_b0_m7,s4,1,True,NE2/NE2/NE2,2.5794034365516265,4.365976844536285,21.305801679293854,92.29789411593448,55.55849223895195,3,2.3493698271232972,HIS178/NE2,0,99.0,-1.0,,21.06360758203629,THR10/OG1,4,16,0.2,0.0,explicit,ok,False,214,23,48,7,7,8,6,1,1
fold_r5_b0_m7_s4_model_2.cif,day1,r5_b0_m7_s4,r5_b0_m7,s4,2,True,NE2/NE2/NE2,2.9335942921992406,4.657804521479344,22.38191274668354,93.70821980719356,59.66169455921813,1,2.6353527724006316,HIS178/NE2,1,2.6353527724006316,103.5867587442337,ASP180/OD1,22.080687491685048,THR10/OG1,2,14,0.125,0.1796875,explicit,ok,False,214,23,48,7,7,8,6,1,1
fold_r5_b0_m7_s4_model_3.cif,day1,r5_b0_m7_s4,r5_b0_m7,s4,3,True,ND1/NE2/NE2,5.636031214715273,9.057442881316257,6.635692186620506,36.465877295487964,71.82676068162216,3,1.0821151271402845,GLU53/OE1,1,3.1194842794247184,120.53827121411695,SER55/N,7.834396054980742,THR10/OG1,15,26,0.36585365853658536,0.0,explicit,ok,False,214,23,48,7,7,8,6,1,1
fold_r5_b0_m7_s4_model_4.cif,day1,r5_b0_m7_s4,r5_b0_m7,s4,4,True,ND1/ND1/NE2,2.953637118663986,4.731957483375414,3.5141615815416154,44.00472459209989,80.91370099969852,6,1.3033076567769608,HIS202/NE2,0,99.0,-1.0,,7.213388748120733,THR10/OG1,13,35,0.2708333333333333,0.0,explicit,ok,False,214,23,48,7,7,8,6,1,1
fold_r5_b0_m7_s5_model_0.cif,day1,r5_b0_m7_s5,r5_b0_m7,s5,0,True,ND1/NE2/ND1,2.479952620364197,3.49982722287223,2.5666222519164985,34.86434640110688,66.37785330313123,7,1.6437197635392131,GLU53/CD,2,3.1501128448881994,102.02499219195063,GLY54/N,6.345399387568292,THR10/OG1,11,29,0.275,0.0,explicit,ok,False,214,23,48,7,7,8,6,1,1
fold_r5_b0_m7_s5_model_1.cif,day1,r5_b0_m7_s5,r5_b0_m7,s5,1,True,ND1/NE2/ND1,1.4915499324995793,1.97495453154774,1.2733499277837812,32.00835025635293,46.56530945333117,9,1.8571910266765035,GLU53/CD,0,99.0,-1.0,,5.484602095576647,THR10/OG1,13,32,0.28888888888888886,0.0,explicit,ok,False,214,23,48,7,7,8,6,1,1
fold_r5_b0_m7_s5_model_2.cif,day1,r5_b0_m7_s5,r5_b0_m7,s5,2,True,ND1/ND1/ND1,2.3730510268288048,3.1925591756040905,2.5776853034176987,45.028388937392684,73.2311677312436,8,1.413469186876765,GLU53/OE2,1,3.2426408820263855,139.2583944079238,PHE52/O,5.246369325284388,THR10/OG1,14,32,0.30434782608695654,0.0,explicit,ok,False,214,23,48,7,7,8,6,1,1
fold_r5_b0_m7_s5_model_3.cif,day1,r5_b0_m7_s5,r5_b0_m7,s5,3,True,NE2/ND1/ND1,1.8131432988164984,2.6965428984631243,2.27892899270954,40.51852744608193,76.89668413811917,5,1.800245238295741,THR10/CB,1,2.6912644413785554,135.8561833419822,THR10/OG1,2.6912644413785554,THR10/OG1,19,33,0.36538461538461536,0.0,explicit,ok,False,214,23,48,7,7,8,6,1,1
fold_r5_b0_m7_s5_model_4.cif,day1,r5_b0_m7_s5,r5_b0_m7,s5,4,True,ND1/NE2/ND1,2.0844317269690333,2.7807094457416506,2.6678878184641266,39.313059981816224,72.1199340599799,6,0.7222625161447819,HIS105/CD2,0,99.0,-1.0,,3.49116548589564,THR10/OG1,14,37,0.27450980392156865,0.0,explicit,ok,False,214,23,48,7,7,8,6,1,1
fold_r5_b1_m0_s1_model_0.cif,day1,r5_b1_m0_s1,r5_b1_m0,s1,0,True,NE2/ND1/ND1,0.16731324836074862,0.2180395355149109,0.11604177758934893,10.6023839657057,15.222044757577137,4,0.591393155071726,ASP104/OD2,0,99.0,-1.0,,4.7317149907433675,THR79/OG1,10,40,0.2,0.0,explicit,ok,False,173,27,54,8,8,4,3,1,1
fold_r5_b1_m0_s1_model_1.cif,day1,r5_b1_m0_s1,r5_b1_m0,s1,1,True,NE2/ND1/ND1,0.14301350162713636,0.21630564352949527,0.13515049594743955,9.37491352807773,14.71910936520752,3,0.5529654172194078,ASP104/OD2,1,2.4286939568780004,90.79090006988805,ASP104/OD1,5.149537944376312,THR79/OG1,11,44,0.2,0.0,explicit,ok,False,173,27,54,8,8,4,3,1,1
fold_r5_b1_m0_s1_model_2.cif,day1,r5_b1_m0_s1,r5_b1_m0,s1,2,True,NE2/ND1/ND1,0.1646795008126644,0.2714201809172841,0.1583556160291115,9.100510481628985,15.648319881277523,3,0.6497678293252945,ASP104/OD2,1,2.582142524434015,91.069150618614,ASP104/OD1,5.829958506508505,THR79/OG1,10,40,0.2,0.0,explicit,ok,False,173,27,54,8,8,4,3,1,1
fold_r5_b1_m0_s1_model_3.cif,day1,r5_b1_m0_s1,r5_b1_m0,s1,3,True,NE2/ND1/ND1,0.19731969809638467,0.2809665419003342,0.16072430892454717,12.192870942345465,14.007356184956123,4,0.6801770439472328,ASP104/OD2,2,2.583234500742597,87.02430171629655,ASP104/OD1,7.480902057395938,THR79/OG1,12,40,0.23076923076923078,0.0,explicit,ok,False,173,27,54,8,8,4,3,1,1
fold_r5_b1_m0_s1_model_4.cif,day1,r5_b1_m0_s1,r5_b1_m0,s1,4,True,NE2/ND1/ND1,0.11583481332076184,0.17573185648544898,0.12804923516488248,8.190062202262524,15.619236839571371,3,0.41059608399514225,ASP104/OD2,1,2.429425945204058,136.9584235304674,ASP104/OD1,5.241196727970444,THR79/OG1,13,39,0.25,0.0,explicit,ok,False,173,27,54,8,8,4,3,1,1
fold_r5_b1_m0_s2_model_0.cif,day1,r5_b1_m0_s2,r5_b1_m0,s2,0,True,NE2/NE2/ND1,0.095659896255486,0.1280074480612524,0.04483196796285845,3.9602932068112637,10.860756112655112,4,0.5447510122639748,ASP104/OD2,0,99.0,-1.0,,3.5656420491311387,THR79/OG1,15,45,0.25,0.0,explicit,ok,False,173,27,54,8,8,4,3,1,1
fold_r5_b1_m0_s2_model_1.cif,day1,r5_b1_m0_s2,r5_b1_m0,s2,1,True,NE2/NE2/ND1,0.046305733368134566,0.06736812662587965,0.045295363978330214,3.504816283600851,15.92712037220276,4,0.30287983076587816,ASP104/OD2,1,2.733527031868988,96.41102380353854,THR79/OG1,2.733527031868988,THR79/OG1,15,43,0.25862068965517243,0.0,explicit,ok,False,173,27,54,8,8,4,3,1,1
fold_r5_b1_m0_s2_model_2.cif,day1,r5_b1_m0_s2,r5_b1_m0,s2,2,True,NE2/NE2/ND1,0.10310263972358544,0.1431572796146134,0.02837930382167944,4.141063221956607,10.568397895848124,4,0.5120512672728769,ASP104/OD2,1,3.3083701501014042,96.07112950486385,THR79/OG1,3.3083701501014042,THR79/OG1,15,45,0.25,0.0,explicit,ok,False,173,27,54,8,8,4,3,1,1
fold_r5_b1_m0_s2_model_3.cif,day1,r5_b1_m0_s2,r5_b1_m0,s2,3,True,NE2/NE2/ND1,0.10040189172525639,0.13017272366982222,0.05794376482313948,7.272619609420239,12.108018785381079,4,0.43742238235805675,ASP104/OD2,1,2.40810773435098,102.06251573709615,THR79/OG1,2.40810773435098,THR79/OG1,16,46,0.25806451612903225,0.0,explicit,ok,False,173,27,54,8,8,4,3,1,1
fold_r5_b1_m0_s2_model_4.cif,day1,r5_b1_m0_s2,r5_b1_m0,s2,4,True,NE2/NE2/ND1,0.26489259542673044,0.33753633477872574,0.22771565963980248,15.491923507214635,21.101438261962212,4,1.4732204091928793,ASP104/OD2,0,99.0,-1.0,,3.7723504247498987,THR79/OG1,18,37,0.32727272727272727,0.0,explicit,ok,False,173,27,54,8,8,4,3,1,1
fold_r5_b1_m0_s3_model_0.cif,day1,r5_b1_m0_s3,r5_b1_m0,s3,0,True,NE2/NE2/ND1,0.08209800593522767,0.09675296984547721,0.07002143527732012,4.213716304617084,17.395532776605933,0,3.447141139098286,,0,99.0,-1.0,,3.49632225629169,THR79/OG1,11,35,0.2391304347826087,0.0,explicit,ok,False,173,27,54,8,8,4,3,1,1
fold_r5_b1_m0_s3_model_1.cif,day1,r5_b1_m0_s3,r5_b1_m0,s3,1,True,NE2/NE2/ND1,0.10213379594427818,0.12284397114500328,0.05065626202469977,4.812377807953221,16.94781849570384,0,3.552972444661398,,0,99.0,-1.0,,3.6068290863850714,THR79/OG1,11,34,0.24444444444444444,0.0,explicit,ok,False,173,27,54,8,8,4,3,1,1
fold_r5_b1_m0_s3_model_2.cif,day1,r5_b1_m0_s3,r5_b1_m0,s3,2,True,NE2/NE2/ND1,0.08905769660285558,0.1048402829531795,0.09879753478087912,4.622373296547093,17.312447542474445,0,3.1835676974487996,,0,99.0,-1.0,,3.1835676974487996,THR79/OG1,10,36,0.21739130434782608,0.0,explicit,ok,False,173,27,54,8,8,4,3,1,1
fold_r5_b1_m0_s3_model_3.cif,day1,r5_b1_m0_s3,r5_b1_m0,s3,3,True,NE2/NE2/ND1,0.08444525323181407,0.1006245268406175,0.05856754469447103,3.6183073641026406,17.90358113139097,0,3.585766613631312,,0,99.0,-1.0,,3.7353630882144806,THR79/OG1,10,36,0.21739130434782608,0.0,explicit,ok,False,173,27,54,8,8,4,3,1,1
fold_r5_b1_m0_s3_model_4.cif,day1,r5_b1_m0_s3,r5_b1_m0,s3,4,True,NE2/NE2/ND1,0.10458260207369424,0.12435025851884277,0.07179858585425043,5.30314277506706,15.651563103215251,0,3.6471379708830387,,0,99.0,-1.0,,3.6471379708830387,THR79/OG1,10,37,0.2127659574468085,0.0,explicit,ok,False,173,27,54,8,8,4,3,1,1
fold_r5_b1_m0_s4_model_0.cif,day1,r5_b1_m0_s4,r5_b1_m0,s4,0,True,NE2/ND1/ND1,0.1257890182194794,0.19693700577681303,0.21003838961153506,9.338781762569399,21.199571636173278,2,2.6010840070485037,ASP104/CG,4,2.6010840070485037,84.24381347670119,ASP78/OD2,3.0844138287160714,THR79/OG1,8,38,0.17391304347826086,0.0,explicit,ok,False,173,27,54,8,8,4,3,1,1
fold_r5_b1_m0_s4_model_1.cif,day1,r5_b1_m0_s4,r5_b1_m0,s4,1,True,NE2/ND1/ND1,0.07114618228683245,0.11572217473796145,0.26243469548638454,5.655114839708499,18.014838252595993,4,0.58861907898452,ASP104/OD2,1,3.341951643686159,91.74679367440596,ASP78/OD1,3.535959842484544,THR79/OG1,10,39,0.20408163265306123,0.0,explicit,ok,False,173,27,54,8,8,4,3,1,1
fold_r5_b1_m0_s4_model_2.cif,day1,r5_b1_m0_s4,r5_b1_m0,s4,2,True,NE2/ND1/ND1,0.11897191877569795,0.20479250686716444,0.37751082857339174,9.62695787418064,21.675716330007358,5,1.3274823001972489,ASP104/OD2,0,99.0,-1.0,,3.9054650594623825,THR79/OG1,10,37,0.2127659574468085,0.0,explicit,ok,False,173,27,54,8,8,4,3,1,1
fold_r5_b1_m0_s4_model_3.cif,day1,r5_b1_m0_s4,r5_b1_m0,s4,3,True,NE2/ND1/ND1,0.14010508759535384,0.22255843628087763,0.2637294355740345,2.797209059271814,19.833854674438548,4,0.6283795082099857,ASP104/OD2,1,3.31211140512111,80.71285958296643,ASP78/OD2,4.015264307709742,THR79/OG1,7,34,0.17073170731707318,0.0,explicit,ok,False,173,27,54,8,8,4,3,1,1
fold_r5_b1_m0_s4_model_4.cif,day1,r5_b1_m0_s4,r5_b1_m0,s4,4,True,NE2/ND1/ND1,0.10386434467945267,0.17434459080962578,0.36876270196618266,8.818257531152451,20.953106650024278,4,1.0333512229364077,ASP104/OD2,1,2.663244583061754,80.80565612210565,ASP78/OD2,5.70860503496491,THR79/OG1,8,33,0.1951219512195122,0.0,explicit,ok,False,173,27,54,8,8,4,3,1,1
fold_r5_b1_m0_s5_model_0.cif,day1,r5_b1_m0_s5,r5_b1_m0,s5,0,True,NE2/NE2/ND1,0.07970061470690301,0.09841653381782914,0.05373468022882263,4.372264792213568,15.326361474416828,4,0.7786430169275047,ASP104/OD2,0,99.0,-1.0,,6.524107131731396,THR79/OG1,14,39,0.2641509433962264,0.0,explicit,ok,False,173,27,54,8,8,4,3,1,1
fold_r5_b1_m0_s5_model_1.cif,day1,r5_b1_m0_s5,r5_b1_m0,s5,1,True,NE2/NE2/ND1,0.08382300418296422,0.10871346092047211,0.08994160360941109,4.971634865008885,17.404530945984483,4,0.7728583859593315,ASP104/OD2,0,99.0,-1.0,,6.428834304832484,THR79/OG1,14,41,0.2545454545454545,0.0,explicit,ok,False,173,27,54,8,8,4,3,1,1
fold_r5_b1_m0_s5_model_2.cif,day1,r5_b1_m0_s5,r5_b1_m0,s5,2,True,NE2/NE2/ND1,0.05470675831938539,0.0706791600842084,0.04151801225751558,3.333394916875919,16.720364281607633,4,0.7079041856639293,ASP104/OD2,0,99.0,-1.0,,6.265129346163662,THR79/OG1,14,38,0.2692307692307692,0.0,explicit,ok,False,173,27,54,8,8,4,3,1,1
fold_r5_b1_m0_s5_model_3.cif,day1,r5_b1_m0_s5,r5_b1_m0,s5,3,True,NE2/NE2/ND1,0.061205744081118195,0.07902335040607501,0.055496197129486655,4.2267905760745235,15.956414850511676,4,0.7657744967451621,ASP104/OD2,0,99.0,-1.0,,6.30089300034269,THR79/OG1,14,39,0.2641509433962264,0.0,explicit,ok,False,173,27,54,8,8,4,3,1,1
fold_r5_b1_m0_s5_model_4.cif,day1,r5_b1_m0_s5,r5_b1_m0,s5,4,True,NE2/NE2/ND1,0.06599986357273117,0.0834856416057243,0.05641522778557934,4.57617166212054,15.641874332398922,2,2.9083922135502283,ASP104/CB,1,3.269646001222717,133.54965213781784,ASP104/OD2,6.15633680978379,THR79/OG1,16,41,0.2807017543859649,0.0,explicit,ok,False,173,27,54,8,8,4,3,1,1
fold_r5_b1_m1_s1_model_0.cif,day1,r5_b1_m1_s1,r5_b1_m1,s1,0,True,NE2/NE2/ND1,2.459009204643019,3.796483976308707,3.5593163399214585,39.71044976261092,24.30290440471086,0,3.786259265867752,,0,99.0,-1.0,,6.093014303964041,THR84/OG1,9,30,0.23076923076923078,0.1796875,explicit,ok,False,173,20,49,9,9,5,4,1,1
fold_r5_b1_m1_s1_model_1.cif,day1,r5_b1_m1_s1,r5_b1_m1,s1,1,True,NE2/NE2/ND1,2.5336199504611177,3.920835106055155,3.6757441663818717,41.774154190037294,22.644123075379742,0,3.428031173473951,,0,99.0,-1.0,,6.1755260393531985,THR84/OG1,7,27,0.20588235294117646,0.171875,explicit,ok,False,173,20,49,9,9,5,4,1,1
fold_r5_b1_m1_s1_model_2.cif,day1,r5_b1_m1_s1,r5_b1_m1,s1,2,True,NE2/NE2/ND1,2.590604314759627,3.994142688635235,3.75943773279653,41.7017323195645,26.542583319637362,0,3.463998615026442,,0,99.0,-1.0,,6.143831043892951,THR84/OG1,7,28,0.2,0.125,explicit,ok,False,173,20,49,9,9,5,4,1,1
fold_r5_b1_m1_s1_model_3.cif,day1,r5_b1_m1_s1,r5_b1_m1,s1,3,True,NE2/NE2/ND1,2.413850896986444,3.7209409198939443,3.521839816241742,39.94247247466026,23.789938183136883,0,3.7709487647163833,,0,99.0,-1.0,,6.285897787648872,THR84/OG1,8,27,0.22857142857142856,0.1875,explicit,ok,False,173,20,49,9,9,5,4,1,1
fold_r5_b1_m1_s1_model_4.cif,day1,r5_b1_m1_s1,r5_b1_m1,s1,4,True,NE2/NE2/ND1,2.597266254299138,4.018707212131178,3.7664904395994285,43.0633486402268,23.58780615683592,0,3.694553489079308,,0,99.0,-1.0,,6.400178202120318,THR84/OG1,10,28,0.2631578947368421,0.1640625,explicit,ok,False,173,20,49,9,9,5,4,1,1
fold_r5_b1_m1_s2_model_0.cif,day1,r5_b1_m1_s2,r5_b1_m1,s2,0,True,NE2/NE2/ND1,0.2839421247114806,0.4450546146380425,0.7559182805607909,19.68113185835866,29.367248732105395,0,2.8743882101112455,,1,2.8743882101112455,123.71433071224457,ASP147/OD1,19.233833845656243,THR84/OG1,8,38,0.17391304347826086,0.0,explicit,ok,False,173,20,49,9,9,5,4,1,1
fold_r5_b1_m1_s2_model_1.cif,day1,r5_b1_m1_s2,r5_b1_m1,s2,1,True,NE2/ND1/NE2,1.369796859575202,2.2043184372100035,1.626367754102402,25.650635625409375,39.710826573369864,5,1.1428802952182224,GLU109/OE1,0,99.0,-1.0,,22.328513205618638,THR84/OG1,12,28,0.3,0.0,explicit,ok,False,173,20,49,9,9,5,4,1,1
fold_r5_b1_m1_s2_model_2.cif,day1,r5_b1_m1_s2,r5_b1_m1,s2,2,True,NE2/NE2/NE2,1.6360644881563322,2.7208542150430657,2.088690861449011,17.772014043252323,35.48003402645711,7,1.389349092916451,GLU109/OE1,0,99.0,-1.0,,24.250596734350758,THR84/OG1,10,34,0.22727272727272727,0.0,explicit,ok,False,173,20,49,9,9,5,4,1,1
fold_r5_b1_m1_s2_model_3.cif,day1,r5_b1_m1_s2,r5_b1_m1,s2,3,True,NE2/ND1/NE2,1.4603540840167548,2.299001489708528,1.7500765815031014,39.583406343704034,29.893950061203412,4,1.861605429637985,HIS116/CG,0,99.0,-1.0,,21.595173800939808,THR84/OG1,12,31,0.27906976744186046,0.0,explicit,ok,False,173,20,49,9,9,5,4,1,1
fold_r5_b1_m1_s2_model_4.cif,day1,r5_b1_m1_s2,r5_b1_m1,s2,4,True,NE2/NE2/NE2,2.8399200039116974,4.846953103410037,3.593993865708468,31.66166252793937,54.2709223173381,5,0.7738355270212565,HIS116/CD2,0,99.0,-1.0,,15.61534753208328,THR84/OG1,12,22,0.35294117647058826,0.0,explicit,ok,False,173,20,49,9,9,5,4,1,1
fold_r5_b1_m1_s3_model_0.cif,day1,r5_b1_m1_s3,r5_b1_m1,s3,0,True,ND1/ND1/ND1,5.82589193209294,9.83181377456709,8.373474724224092,44.3648772361752,20.361118465750184,4,1.4609972759724215,GLU119/OE2,0,99.0,-1.0,,4.156874939595501,THR84/OG1,16,33,0.32653061224489793,0.0,explicit,ok,False,173,20,49,9,9,5,4,1,1
fold_r5_b1_m1_s3_model_1.cif,day1,r5_b1_m1_s3,r5_b1_m1,s3,1,True,ND1/ND1/ND1,7.178442070382654,12.152882867913656,10.095618681407428,48.74930423372601,46.65261030741588,5,0.6466572697284131,GLU119/OE2,0,99.0,-1.0,,4.689813200883348,THR84/OG1,14,32,0.30434782608695654,0.0,explicit,ok,False,173,20,49,9,9,5,4,1,1
fold_r5_b1_m1_s3_model_2.cif,day1,r5_b1_m1_s3,r5_b1_m1,s3,2,True,ND1/ND1/ND1,3.890608627087717,6.35706017085904,5.754554475046966,52.210786364602995,36.952378089811255,5,1.7108598565521638,GLU119/OE2,0,99.0,-1.0,,3.943096634529919,THR84/OG1,17,33,0.34,0.0,explicit,ok,False,173,20,49,9,9,5,4,1,1
fold_r5_b1_m1_s3_model_3.cif,day1,r5_b1_m1_s3,r5_b1_m1,s3,3,True,ND1/ND1/ND1,5.798885534487873,9.804995065526423,8.343866796332621,42.79514762363312,20.435937804527452,4,1.3030581473590426,GLU119/OE2,0,99.0,-1.0,,4.298666307327793,THR84/OG1,17,30,0.3617021276595745,0.0,explicit,ok,False,173,20,49,9,9,5,4,1,1
fold_r5_b1_m1_s3_model_4.cif,day1,r5_b1_m1_s3,r5_b1_m1,s3,4,True,NE2/ND1/ND1,4.215462267788496,6.859360294767061,5.3596617334278776,37.425425647591915,33.64780943584801,7,1.5334564526036427,GLU119/OE1,0,99.0,-1.0,,4.345581508924552,THR84/OG1,16,40,0.2857142857142857,0.0,explicit,ok,False,173,20,49,9,9,5,4,1,1
fold_r5_b1_m1_s4_model_0.cif,day1,r5_b1_m1_s4,r5_b1_m1,s4,0,True,ND1/ND1/ND1,6.712510909235111,11.61802679800716,10.358162703844563,30.373026670296948,69.27210727936686,7,1.9316766189901067,GLU119/OE2,0,99.0,-1.0,,4.145460636962276,THR84/OG1,21,27,0.4375,0.0,explicit,ok,False,173,20,49,9,9,5,4,1,1
fold_r5_b1_m1_s4_model_1.cif,day1,r5_b1_m1_s4,r5_b1_m1,s4,1,True,NE2/ND1/ND1,4.474905616384646,7.514221664316342,6.3820541815273,30.057164986252566,31.259495472458863,5,1.2067289314568872,GLU119/CD,0,99.0,-1.0,,4.781264103572194,THR84/OG1,18,35,0.33962264150943394,0.0,explicit,ok,False,173,20,49,9,9,5,4,1,1
fold_r5_b1_m1_s4_model_2.cif,day1,r5_b1_m1_s4,r5_b1_m1,s4,2,True,NE2/ND1/ND1,2.816147115357766,4.464179154434323,4.151833102731595,43.59015537994334,11.310956933486944,5,1.1519971426413127,GLU119/OE2,1,3.37250746016462,123.31145083174168,THR84/O,4.683830632914603,THR84/OG1,14,33,0.2978723404255319,0.0,explicit,ok,False,173,20,49,9,9,5,4,1,1
fold_r5_b1_m1_s4_model_3.cif,day1,r5_b1_m1_s4,r5_b1_m1,s4,3,True,NE2/ND1/ND1,3.8065887081637557,6.22578036673196,5.528563220275673,44.90219507102836,37.838136219282895,4,1.1853975952012328,GLU119/CD,0,99.0,-1.0,,4.822853343868631,THR84/OG1,13,34,0.2765957446808511,0.0,explicit,ok,False,173,20,49,9,9,5,4,1,1
fold_r5_b1_m1_s4_model_4.cif,day1,r5_b1_m1_s4,r5_b1_m1,s4,4,True,NE2/ND1/ND1,2.6261333000576883,4.3136486862606445,4.179940322892012,35.964805013668546,37.563124302037814,4,1.2719430179718103,GLU119/CD,0,99.0,-1.0,,4.9937880966617945,THR84/OG1,16,35,0.3137254901960784,0.0,explicit,ok,False,173,20,49,9,9,5,4,1,1
fold_r5_b1_m1_s5_model_0.cif,day1,r5_b1_m1_s5,r5_b1_m1,s5,0,True,NE2/ND1/NE2,3.951587034794821,6.830794358759916,5.623831361455621,40.12538766666596,51.683754209903974,3,2.1387133663064795,GLU119/OE2,1,3.0297041254297756,133.5445401875649,GLU119/OE1,6.829256462429098,THR84/OG1,10,28,0.2631578947368421,0.0,explicit,ok,False,173,20,49,9,9,5,4,1,1
fold_r5_b1_m1_s5_model_1.cif,day1,r5_b1_m1_s5,r5_b1_m1,s5,1,True,ND1/ND1/NE2,6.044813778693666,10.236392426670024,8.072802850155469,36.25815991750524,32.407262401110046,5,1.2485167654754339,GLU109/OE2,2,2.904931841553421,136.43182325189863,GLU119/OE1,7.538106377621707,THR84/OG1,12,29,0.2926829268292683,0.0,explicit,ok,False,173,20,49,9,9,5,4,1,1
fold_r5_b1_m1_s5_model_2.cif,day1,r5_b1_m1_s5,r5_b1_m1,s5,2,True,NE2/NE2/NE2,5.778742591272097,9.863120702166986,7.9690795040102635,36.06749610604703,76.95846894598908,3,2.066503305706703,GLU119/CD,0,99.0,-1.0,,6.6261302820146675,THR84/OG1,9,32,0.21951219512195122,0.0,explicit,ok,False,173,20,49,9,9,5,4,1,1
fold_r5_b1_m1_s5_model_3.cif,day1,r5_b1_m1_s5,r5_b1_m1,s5,3,True,ND1/ND1/NE2,1.9031750888748393,2.241747346195621,2.0028874411628794,39.290609882038744,43.06393807710935,5,1.9036214816564803,GLU119/OE1,1,2.643883800157209,134.23885147073096,ALA108/O,6.6368178508673425,THR84/OG1,13,32,0.28888888888888886,0.0,explicit,ok,False,173,20,49,9,9,5,4,1,1
fold_r5_b1_m1_s5_model_4.cif,day1,r5_b1_m1_s5,r5_b1_m1,s5,4,True,NE2/ND1/NE2,3.9881818252239354,6.794173816603143,5.770014173496762,36.97780772426453,52.76493967713194,5,1.415535055321677,GLU119/OE2,0,99.0,-1.0,,5.807673895429092,THR84/OG1,9,25,0.2647058823529412,0.0,explicit,ok,False,173,20,49,9,9,5,4,1,1
fold_r5_b1_m3_s1_model_0.cif,day1,r5_b1_m3_s1,r5_b1_m3,s1,0,True,NE2/NE2/ND1,0.8880173769727624,1.3426987085078619,1.8877237065257866,32.925118369422925,31.122334531034898,6,1.9058567805812758,HIS26/CD2,0,99.0,-1.0,,6.625523097883515,THR75/OG1,17,31,0.3541666666666667,0.0,explicit,ok,False,173,22,51,10,10,11,9,5,4
fold_r5_b1_m3_s1_model_1.cif,day1,r5_b1_m3_s1,r5_b1_m3,s1,1,True,NE2/ND1/ND1,1.2052989504818727,1.9869978620390465,1.9702197670194483,26.66062228253402,62.50469882170646,6,1.812188122563009,HIS26/CD2,1,3.3169805632089644,95.06363164307957,HIS26/ND1,6.112610146005311,THR75/OG1,19,33,0.36538461538461536,0.0,explicit,ok,False,173,22,51,10,10,11,9,5,4
fold_r5_b1_m3_s1_model_2.cif,day1,r5_b1_m3_s1,r5_b1_m3,s1,2,True,NE2/NE2/ND1,0.8484613490413184,1.2683039834488423,1.8054843873171293,32.99081736966312,30.77729402799295,6,1.673937372781029,HIS26/CD2,1,3.3317940285967698,93.06529713300047,HIS26/ND1,6.28978637530498,THR75/OG1,19,33,0.36538461538461536,0.0,explicit,ok,False,173,22,51,10,10,11,9,5,4
fold_r5_b1_m3_s1_model_3.cif,day1,r5_b1_m3_s1,r5_b1_m3,s1,3,True,NE2/ND1/ND1,1.0725748879716714,1.7369962304439623,1.855759985670121,20.989104172515976,54.78777931156343,6,1.7095488553879483,HIS26/CD2,1,3.3206869580179177,96.76869769492671,HIS26/ND1,6.026454092344876,THR75/OG1,19,35,0.35185185185185186,0.0,explicit,ok,False,173,22,51,10,10,11,9,5,4
fold_r5_b1_m3_s1_model_4.cif,day1,r5_b1_m3_s1,r5_b1_m3,s1,4,True,NE2/NE2/ND1,1.22279370249163,1.7569255913487023,1.6921059561035412,28.726785945331894,46.50261449598571,6,1.333905901494979,HIS26/NE2,1,2.840179357871046,113.07771969083792,HIS26/ND1,5.591227087984931,THR75/OG1,16,37,0.3018867924528302,0.0,explicit,ok,False,173,22,51,10,10,11,9,5,4
fold_r5_b1_m3_s2_model_0.cif,day1,r5_b1_m3_s2,r5_b1_m3,s2,0,True,NE2/NE2/ND1,1.1448975143162896,1.8472984416709,1.8057175770477125,32.432225080314325,47.26483196541682,8,1.4672694392999728,HIS26/CD2,1,3.1405425574181245,102.1497731057496,HIS26/ND1,6.042378620345919,THR75/OG1,16,36,0.3076923076923077,0.0,explicit,ok,False,173,22,51,10,10,11,9,5,4
fold_r5_b1_m3_s2_model_1.cif,day1,r5_b1_m3_s2,r5_b1_m3,s2,1,True,NE2/NE2/ND1,1.1189066494038933,1.8065482745963157,1.8375067960751241,29.267628511112672,42.05397333919521,8,1.8187381220343422,HIS26/CD2,0,99.0,-1.0,,5.648533862613741,THR75/OG1,16,34,0.32,0.0,explicit,ok,False,173,22,51,10,10,11,9,5,4
fold_r5_b1_m3_s2_model_2.cif,day1,r5_b1_m3_s2,r5_b1_m3,s2,2,True,NE2/NE2/ND1,1.0547152407467888,1.7341580057889203,1.7094205791065582,30.7885434544097,46.70287939827103,8,1.382637893310042,HIS26/NE2,1,3.006878198463171,105.76054784442702,HIS26/ND1,5.471350137461555,THR75/OG1,14,35,0.2857142857142857,0.0,explicit,ok,False,173,22,51,10,10,11,9,5,4
fold_r5_b1_m3_s2_model_3.cif,day1,r5_b1_m3_s2,r5_b1_m3,s2,3,True,NE2/NE2/ND1,1.1389155286379706,1.8840201854455807,1.7606533143138077,32.04654071944232,50.04355347280878,8,1.4033225928630344,HIS26/NE2,1,3.0154336142931673,108.30129829359097,HIS26/ND1,5.758201417439228,THR75/OG1,18,36,0.3333333333333333,0.0,explicit,ok,False,173,22,51,10,10,11,9,5,4
fold_r5_b1_m3_s2_model_4.cif,day1,r5_b1_m3_s2,r5_b1_m3,s2,4,True,NE2/NE2/ND1,1.0760717139884564,1.7540563404658156,1.6625016861477455,27.95966540555749,47.48228045116556,8,1.4890225890815743,HIS26/NE2,1,3.0264353405949147,105.30557539489259,HIS26/ND1,5.50057124098937,THR75/OG1,17,36,0.32075471698113206,0.0,explicit,ok,False,173,22,51,10,10,11,9,5,4
fold_r5_b1_m3_s3_model_0.cif,day1,r5_b1_m3_s3,r5_b1_m3,s3,0,True,NE2/NE2/ND1,1.1910823678136215,1.7182804134968792,1.9077934373484793,29.048392373572685,37.397803620212386,6,1.7445293029076898,HIS26/NE2,0,99.0,-1.0,,6.35766203440441,THR75/OG1,20,32,0.38461538461538464,0.0,explicit,ok,False,173,22,51,10,10,11,9,5,4
fold_r5_b1_m3_s3_model_1.cif,day1,r5_b1_m3_s3,r5_b1_m3,s3,1,True,NE2/NE2/ND1,0.8731376918803992,1.2979419973107966,1.6687839618272629,32.10038613450077,34.470783878186054,7,1.8631710250423854,HIS26/CD2,0,99.0,-1.0,,6.222751897692178,THR75/OG1,20,35,0.36363636363636365,0.0,explicit,ok,False,173,22,51,10,10,11,9,5,4
fold_r5_b1_m3_s3_model_2.cif,day1,r5_b1_m3_s3,r5_b1_m3,s3,2,True,NE2/NE2/ND1,1.1123840528375561,1.7286988456134955,1.894989515737609,30.446390998580714,37.29252212020071,6,1.1926756885116256,HIS26/CE1,1,2.451797243570662,114.43526971510589,HIS26/ND1,6.503013528354351,THR75/OG1,18,32,0.36,0.0,explicit,ok,False,173,22,51,10,10,11,9,5,4
fold_r5_b1_m3_s3_model_3.cif,day1,r5_b1_m3_s3,r5_b1_m3,s3,3,True,NE2/ND1/ND1,1.1989192242290392,1.9572070748103163,1.848444135784811,22.867921835697555,49.88215087668851,6,1.8240039149230818,HIS26/CD2,1,3.356933240649684,97.19577665526722,HIS26/ND1,6.499578922372678,THR75/OG1,19,36,0.34545454545454546,0.0,explicit,ok,False,173,22,51,10,10,11,9,5,4
fold_r5_b1_m3_s3_model_4.cif,day1,r5_b1_m3_s3,r5_b1_m3,s3,4,True,NE2/NE2/ND1,0.9575344577932787,1.4992943851814495,1.7038286207599214,31.104042808521868,40.96105220458691,6,1.7141935463938105,HIS26/CD2,1,3.382383279280494,93.64725369445914,HIS26/ND1,6.244033229978662,THR75/OG1,18,31,0.3673469387755102,0.0,explicit,ok,False,173,22,51,10,10,11,9,5,4
fold_r5_b1_m3_s4_model_0.cif,day1,r5_b1_m3_s4,r5_b1_m3,s4,0,True,NE2/NE2/ND1,1.3154112841182595,1.8420541533379393,1.9007538819424672,33.31141772872468,47.25447748235869,8,1.5540644422979684,HIS26/NE2,1,3.0244436880873597,110.75358677000376,HIS26/ND1,5.769773701049318,THR75/OG1,18,36,0.3333333333333333,0.0,explicit,ok,False,173,22,51,10,10,11,9,5,4
fold_r5_b1_m3_s4_model_1.cif,day1,r5_b1_m3_s4,r5_b1_m3,s4,1,True,NE2/NE2/ND1,1.2463804067949316,1.797196731174345,1.870457445329932,31.15756204301482,45.914195819379074,8,1.4696474514018913,HIS26/NE2,1,3.014166449305612,111.18291033235481,HIS26/ND1,5.725988904779137,THR75/OG1,17,36,0.32075471698113206,0.0,explicit,ok,False,173,22,51,10,10,11,9,5,4
fold_r5_b1_m3_s4_model_2.cif,day1,r5_b1_m3_s4,r5_b1_m3,s4,2,True,NE2/NE2/ND1,1.1983071465203834,1.7222990444814852,1.8291185425949643,30.85348294090949,45.09798098178569,8,1.4951636063075653,HIS26/NE2,1,3.0001544906461532,111.10408826728333,HIS26/ND1,5.762712636631266,THR75/OG1,17,36,0.32075471698113206,0.0,explicit,ok,False,173,22,51,10,10,11,9,5,4
fold_r5_b1_m3_s4_model_3.cif,day1,r5_b1_m3_s4,r5_b1_m3,s4,3,True,NE2/NE2/ND1,1.196376340572694,1.7336148721087392,1.761087540922005,28.527654469637927,44.345508487121286,7,1.530375689858137,HIS26/NE2,1,3.054795013673793,109.90545766855837,HIS26/ND1,5.695672610690379,THR75/OG1,17,36,0.32075471698113206,0.0,explicit,ok,False,173,22,51,10,10,11,9,5,4
fold_r5_b1_m3_s4_model_4.cif,day1,r5_b1_m3_s4,r5_b1_m3,s4,4,True,NE2/NE2/ND1,1.1915821902998782,1.743929859234468,1.7190856188525332,29.90701505567213,48.75904357985021,7,1.373128161618081,HIS26/NE2,1,2.977369122006065,116.17460667634688,HIS26/ND1,5.60280593890684,THR75/OG1,15,35,0.3,0.0,explicit,ok,False,173,22,51,10,10,11,9,5,4
fold_r5_b1_m3_s5_model_0.cif,day1,r5_b1_m3_s5,r5_b1_m3,s5,0,True,NE2/NE2/NE2,1.4366247699876749,1.9950037764479676,1.840398192753376,37.6951001667489,46.77508832573676,7,1.5360957136157003,HIS26/NE2,1,3.1462923510165,106.68798742803743,HIS26/ND1,5.914664341441868,THR75/OG1,16,38,0.2962962962962963,0.0,explicit,ok,False,173,22,51,10,10,11,9,5,4
fold_r5_b1_m3_s5_model_1.cif,day1,r5_b1_m3_s5,r5_b1_m3,s5,1,True,NE2/NE2/ND1,1.1559614504607416,1.7689019032593838,1.7062607908253085,29.630559933773824,45.94034272445126,6,1.1976859036993464,HIS26/NE2,1,2.80610736815648,119.36293525493879,HIS26/ND1,5.636113715019652,THR75/OG1,16,36,0.3076923076923077,0.0,explicit,ok,False,173,22,51,10,10,11,9,5,4
fold_r5_b1_m3_s5_model_2.cif,day1,r5_b1_m3_s5,r5_b1_m3,s5,2,True,NE2/NE2/NE2,1.558181236581586,2.208941530871242,1.8951133881326458,35.30500055625789,51.16455407977147,6,1.5307606340588324,HIS26/NE2,1,3.0977913576653133,107.6098495500242,HIS26/ND1,5.841430936719447,THR75/OG1,17,36,0.32075471698113206,0.0,explicit,ok,False,173,22,51,10,10,11,9,5,4
fold_r5_b1_m3_s5_model_3.cif,day1,r5_b1_m3_s5,r5_b1_m3,s5,3,True,NE2/NE2/NE2,1.4634811593582897,2.0488636940685123,1.7715010093401125,34.72667399119915,49.724068782744666,7,1.5095121466157408,HIS26/NE2,1,3.187056977821683,106.27351049876182,HIS26/ND1,5.699331881899836,THR75/OG1,17,37,0.3148148148148148,0.0,explicit,ok,False,173,22,51,10,10,11,9,5,4
fold_r5_b1_m3_s5_model_4.cif,day1,r5_b1_m3_s5,r5_b1_m3,s5,4,True,NE2/NE2/ND1,1.1905466107775589,1.8229942650584265,1.7441657927253276,29.596874565357627,45.4995172984596,6,1.2197642364886752,HIS26/NE2,1,2.8297472035900446,119.45136146926804,HIS26/ND1,5.6182999503618145,THR75/OG1,16,36,0.3076923076923077,0.0,explicit,ok,False,173,22,51,10,10,11,9,5,4
fold_r5_b1_m5_s1_model_0.cif,day2,r5_b1_m5_s1,r5_b1_m5,s1,0,True,ND1/NE2/ND1,1.6194041923621918,2.607092734702126,1.9629791583639793,28.326268825582172,27.003675676672202,6,1.8351908920140392,HIS37/CE1,1,2.7365220429593133,94.36580263801578,HIS37/ND1,17.67855006009038,THR23/OG1,16,39,0.2909090909090909,0.0,explicit,ok,False,173,19,52,4,4,6,4,1,1
fold_r5_b1_m5_s1_model_1.cif,day2,r5_b1_m5_s1,r5_b1_m5,s1,1,True,ND1/NE2/ND1,1.7249080600025992,2.687222091251948,1.8239121943661027,30.876932216466184,46.59722157607527,6,0.5934853534187076,HIS37/CE1,0,99.0,-1.0,,16.37748985765615,THR23/OG1,20,38,0.3448275862068966,0.0,explicit,ok,False,173,19,52,4,4,6,4,1,1
fold_r5_b1_m5_s1_model_2.cif,day2,r5_b1_m5_s1,r5_b1_m5,s1,2,True,NE2/NE2/NE2,2.0437574884170746,3.207626511278164,2.9768494245611876,52.27000383459307,44.78602325471821,7,1.7216686659011027,GLU146/CD,0,99.0,-1.0,,17.312446995465137,THR23/OG1,21,33,0.3888888888888889,0.0,explicit,ok,False,173,19,52,4,4,6,4,1,1
fold_r5_b1_m5_s1_model_3.cif,day2,r5_b1_m5_s1,r5_b1_m5,s1,3,True,ND1/NE2/NE2,2.444075138257481,3.9006319962671774,3.317079927136313,43.55899678016831,41.04293462188697,5,0.6933490101568436,GLU146/OE1,0,99.0,-1.0,,18.40787258996428,THR23/OG1,21,33,0.3888888888888889,0.0,explicit,ok,False,173,19,52,4,4,6,4,1,1
fold_r5_b1_m5_s1_model_4.cif,day2,r5_b1_m5_s1,r5_b1_m5,s1,4,True,ND1/NE2/ND1,1.990175038227519,3.1326965021591895,1.9270488579268559,22.32590465089202,32.125048368639945,7,0.691555178789947,HIS37/NE2,0,99.0,-1.0,,15.167667427567274,THR23/OG1,19,29,0.3958333333333333,0.0,explicit,ok,False,173,19,52,4,4,6,4,1,1
fold_r5_b1_m5_s2_model_0.cif,day2,r5_b1_m5_s2,r5_b1_m5,s2,0,True,NE2/ND1/ND1,1.389821502188388,1.8798517328289903,1.5667097656204934,36.72372280958654,46.02729590468592,6,0.7829723273659239,GLU24/OE1,0,99.0,-1.0,,8.95548950012142,THR23/OG1,21,35,0.375,0.0,explicit,ok,False,173,19,52,4,4,6,4,1,1
fold_r5_b1_m5_s2_model_1.cif,day2,r5_b1_m5_s2,r5_b1_m5,s2,1,True,NE2/ND1/ND1,1.5563150038066709,2.089824239795586,1.7851603216585696,46.112367626626906,41.26976581318559,6,1.2568296009705657,GLU24/OE2,0,99.0,-1.0,,9.264961969921222,THR23/OG1,26,35,0.4262295081967213,0.0,explicit,ok,False,173,19,52,4,4,6,4,1,1
fold_r5_b1_m5_s2_model_2.cif,day2,r5_b1_m5_s2,r5_b1_m5,s2,2,True,NE2/ND1/ND1,1.393068905909813,1.7964530183786804,1.5473742319788428,42.05451492784423,48.68691493246229,7,1.5432624690000931,GLU24/OE2,0,99.0,-1.0,,9.553744831496438,THR23/OG1,23,35,0.39655172413793105,0.0,explicit,ok,False,173,19,52,4,4,6,4,1,1
fold_r5_b1_m5_s2_model_3.cif,day2,r5_b1_m5_s2,r5_b1_m5,s2,3,True,NE2/ND1/ND1,1.2876880481520425,1.6654930042794551,1.3929393248031026,38.162593865441906,47.35164012728601,7,1.4141444170734863,GLU24/OE2,0,99.0,-1.0,,9.440565767372696,THR23/OG1,24,37,0.39344262295081966,0.0,explicit,ok,False,173,19,52,4,4,6,4,1,1
fold_r5_b1_m5_s2_model_4.cif,day2,r5_b1_m5_s2,r5_b1_m5,s2,4,True,NE2/NE2/ND1,1.568223903210873,2.26785516440958,1.7148296286965072,33.24540078401201,65.90793422089949,5,1.3462747747420418,GLU24/OE2,0,99.0,-1.0,,9.581408903105025,THR23/OG1,23,32,0.41818181818181815,0.0,explicit,ok,False,173,19,52,4,4,6,4,1,1
fold_r5_b1_m5_s3_model_0.cif,day2,r5_b1_m5_s3,r5_b1_m5,s3,0,True,NE2/NE2/ND1,1.29921690204222,2.0650202457802678,3.1976191011565294,52.795760583176786,63.807327107568675,3,1.8832483705250282,LEU96/CD1,1,2.951818945257361,119.31306247917614,GLN126/NE2,18.47840674427066,THR23/OG1,12,34,0.2608695652173913,0.0,explicit,ok,False,173,19,52,4,4,6,4,1,1
fold_r5_b1_m5_s3_model_1.cif,day2,r5_b1_m5_s3,r5_b1_m5,s3,1,True,ND1/NE2/ND1,1.126899348465684,1.844751605424855,2.0707573693995522,39.19244080048897,57.023323113697394,8,1.8173366140799405,TYR117/CE1,1,2.7521125773786963,99.47771029325098,ASP31/OD1,17.160288194678817,THR23/OG1,15,42,0.2631578947368421,0.0,explicit,ok,False,173,19,52,4,4,6,4,1,1
fold_r5_b1_m5_s3_model_2.cif,day2,r5_b1_m5_s3,r5_b1_m5,s3,2,True,ND1/NE2/ND1,1.336153112867564,2.15690100073117,1.900103049158699,13.662153303489854,61.777019151165604,6,1.6554259550394796,HIS93/CE1,0,99.0,-1.0,,15.41892840713896,THR23/OG1,16,34,0.32,0.0,explicit,ok,False,173,19,52,4,4,6,4,1,1
fold_r5_b1_m5_s3_model_3.cif,day2,r5_b1_m5_s3,r5_b1_m5,s3,3,True,NE2/NE2/ND1,1.3873088138022773,2.3446373425594116,1.6348290091950257,39.82501786098712,76.41712454299994,5,0.6885342993153233,HIS91/CE1,0,99.0,-1.0,,10.693275597924723,THR23/OG1,21,35,0.375,0.0,explicit,ok,False,173,19,52,4,4,6,4,1,1
fold_r5_b1_m5_s3_model_4.cif,day2,r5_b1_m5_s3,r5_b1_m5,s3,4,True,ND1/NE2/NE2,1.0253442322599984,1.5292294738230847,1.2934191923527472,25.66404368389482,83.88669508281346,5,2.0028194219149418,HIS91/CE1,1,3.32815769040743,129.9279679918466,GLU24/OE1,10.988256474957309,THR23/OG1,21,40,0.3442622950819672,0.0,explicit,ok,False,173,19,52,4,4,6,4,1,1
fold_r5_b1_m5_s4_model_0.cif,day2,r5_b1_m5_s4,r5_b1_m5,s4,0,True,NE2/NE2/ND1,6.701625071570253,11.327607496213545,8.08506011281888,15.041221953780429,16.427558731556964,5,1.636814081506711,GLU146/OE2,0,99.0,-1.0,,16.786999346813143,THR23/OG1,23,34,0.40350877192982454,0.0,explicit,ok,False,173,19,52,4,4,6,4,1,1
fold_r5_b1_m5_s4_model_1.cif,day2,r5_b1_m5_s4,r5_b1_m5,s4,1,True,NE2/NE2/ND1,6.479306047398365,10.877836646465088,7.916055035570358,38.856189163934026,64.20602983371887,5,1.4834554511170295,HIS91/CE1,0,99.0,-1.0,,19.479832806623417,THR23/OG1,9,30,0.23076923076923078,0.0,explicit,ok,False,173,19,52,4,4,6,4,1,1
fold_r5_b1_m5_s4_model_2.cif,day2,r5_b1_m5_s4,r5_b1_m5,s4,2,True,NE2/NE2/ND1,3.408956824845615,5.450861328788556,4.193568947794573,32.782992077245005,27.73092201047761,1,2.8427120545682207,HIS91/CD2,0,99.0,-1.0,,12.539808793734203,THR23/OG1,20,19,0.5128205128205128,0.0703125,explicit,ok,False,173,19,52,4,4,6,4,1,1
fold_r5_b1_m5_s4_model_3.cif,day2,r5_b1_m5_s4,r5_b1_m5,s4,3,True,NE2/NE2/NE2,7.016082401217021,11.860314216825833,8.516158619844747,21.61024255248938,49.565154456987734,7,1.6190666086632242,GLU146/OE2,0,99.0,-1.0,,18.345058202030668,THR23/OG1,28,37,0.4307692307692308,0.0,explicit,ok,False,173,19,52,4,4,6,4,1,1
fold_r5_b1_m5_s4_model_4.cif,day2,r5_b1_m5_s4,r5_b1_m5,s4,4,True,NE2/NE2/NE2,7.3393597596113205,12.459517474679414,9.359840221530652,30.453400919041016,59.05460884998015,5,2.3018200580674297,HIS93/CE1,1,2.9721856990692097,133.4045004147521,ILE115/O,20.923202877432608,THR23/OG1,17,23,0.425,0.0,explicit,ok,False,173,19,52,4,4,6,4,1,1
fold_r5_b1_m5_s5_model_0.cif,day2,r5_b1_m5_s5,r5_b1_m5,s5,0,True,NE2/NE2/NE2,1.7130817602077835,2.507047526813263,1.912784641674585,32.887021967812835,15.883912416505522,7,1.854620530943538,GLU146/OE1,0,99.0,-1.0,,15.669491682017586,THR23/OG1,20,28,0.4166666666666667,0.0,explicit,ok,False,173,19,52,4,4,6,4,1,1
fold_r5_b1_m5_s5_model_1.cif,day2,r5_b1_m5_s5,r5_b1_m5,s5,1,True,ND1/NE2/NE2,1.1135817876342682,1.701280050257522,0.9188234725110672,32.24169092300734,30.598075122157592,9,2.194094302664309,GLU146/CD,0,99.0,-1.0,,19.981154361442176,THR23/OG1,22,33,0.4,0.0,explicit,ok,False,173,19,52,4,4,6,4,1,1
fold_r5_b1_m5_s5_model_2.cif,day2,r5_b1_m5_s5,r5_b1_m5,s5,2,True,NE2/NE2/NE2,1.0628294611972526,1.7039948527702502,1.1621058385988574,43.18329255694838,54.486148408285054,5,1.935408726823691,HIS91/CD2,1,2.9978921953016457,105.70650941652089,HIS37/ND1,18.539129157140863,THR23/OG1,19,33,0.36538461538461536,0.0,explicit,ok,False,173,19,52,4,4,6,4,1,1
fold_r5_b1_m5_s5_model_3.cif,day2,r5_b1_m5_s5,r5_b1_m5,s5,3,True,NE2/NE2/NE2,1.2370852829212964,1.313110595421643,0.8837636095546005,30.919114387291028,22.23381592511416,6,1.5304367215381567,HIS37/NE2,1,3.2095281984257804,136.33877218382554,ILE143/O,17.75484091550704,THR23/OG1,25,26,0.49019607843137253,0.0,explicit,ok,False,173,19,52,4,4,6,4,1,1
fold_r5_b1_m5_s5_model_4.cif,day2,r5_b1_m5_s5,r5_b1_m5,s5,4,True,NE2/NE2/NE2,1.66413908516217,2.6595476135028613,2.0984429612194937,53.24606271091196,52.509076756612195,6,1.953250244021914,HIS91/CE1,0,99.0,-1.0,,20.288755403946674,THR23/OG1,17,33,0.34,0.0,explicit,ok,False,173,19,52,4,4,6,4,1,1
fold_r5_b1_m6_s1_model_0.cif,day1,r5_b1_m6_s1,r5_b1_m6,s1,0,True,ND1/NE2/ND1,0.3419263658646981,0.5118618309326776,1.3825268628725553,37.35431954169273,32.684708948747186,6,0.9223292099982082,HIS136/NE2,0,99.0,-1.0,,5.190799749899102,THR137/OG1,19,26,0.4222222222222222,0.0,explicit,ok,False,173,17,47,1,1,1,1,3,2
fold_r5_b1_m6_s1_model_1.cif,day1,r5_b1_m6_s1,r5_b1_m6,s1,1,True,ND1/NE2/ND1,0.7027759232094123,1.0779419259689245,1.6571822547512665,31.620291241810072,20.679038345630502,5,0.5484526881252345,HIS136/NE2,0,99.0,-1.0,,5.7178945092854105,THR137/OG1,20,23,0.46511627906976744,0.0,explicit,ok,False,173,17,47,1,1,1,1,3,2
fold_r5_b1_m6_s1_model_2.cif,day1,r5_b1_m6_s1,r5_b1_m6,s1,2,True,ND1/NE2/ND1,0.6103551432102363,0.9032691981214462,1.3613759792575648,28.71992995093517,19.983225635667026,5,0.597012479978076,HIS136/NE2,0,99.0,-1.0,,5.492945614945782,THR137/OG1,18,27,0.4,0.0,explicit,ok,False,173,17,47,1,1,1,1,3,2
fold_r5_b1_m6_s1_model_3.cif,day1,r5_b1_m6_s1,r5_b1_m6,s1,3,True,ND1/NE2/ND1,0.4059788276533276,0.642532591580118,1.1783265895656183,27.09573922951721,24.28002300530413,6,0.6937012886292845,HIS136/NE2,0,99.0,-1.0,,5.064650318344395,THR137/OG1,18,27,0.4,0.0,explicit,ok,False,173,17,47,1,1,1,1,3,2
fold_r5_b1_m6_s1_model_4.cif,day1,r5_b1_m6_s1,r5_b1_m6,s1,4,True,ND1/NE2/ND1,0.47556688827627913,0.7269263892084237,0.7166203491711355,19.317607043259702,18.988403890087422,4,1.5968727882199851,HIS136/NE2,0,99.0,-1.0,,4.883557414596137,THR137/OG1,16,30,0.34782608695652173,0.0,explicit,ok,False,173,17,47,1,1,1,1,3,2
fold_r5_b1_m6_s2_model_0.cif,day1,r5_b1_m6_s2,r5_b1_m6,s2,0,True,ND1/NE2/ND1,0.11967273216545346,0.205799996930912,0.11087470394184257,13.4982266430444,36.34476205555088,7,2.5212890486251234,GLU89/CB,1,2.7341654066629864,84.6279644547279,GLU89/OE1,6.4874749017755855,THR137/OG1,19,30,0.3877551020408163,0.0,explicit,ok,False,173,17,47,1,1,1,1,3,2
fold_r5_b1_m6_s2_model_1.cif,day1,r5_b1_m6_s2,r5_b1_m6,s2,1,True,ND1/NE2/NE2,0.08142304582151541,0.09994407883682202,0.10032883558422251,13.719179858837114,36.62254067102374,5,2.1586396283839515,HIS87/CE1,0,99.0,-1.0,,2.1586396283839515,THR137/OG1,21,39,0.35,0.0,explicit,ok,False,173,17,47,1,1,1,1,3,2
fold_r5_b1_m6_s2_model_2.cif,day1,r5_b1_m6_s2,r5_b1_m6,s2,2,True,ND1/NE2/NE2,0.27816278733939453,0.4445342211900092,0.15918352632987007,18.65292241301807,41.73531501363438,9,1.857312300203483,HIS87/CE1,0,99.0,-1.0,,5.441709308450586,THR137/OG1,18,34,0.34615384615384615,0.0,explicit,ok,False,173,17,47,1,1,1,1,3,2
fold_r5_b1_m6_s2_model_3.cif,day1,r5_b1_m6_s2,r5_b1_m6,s2,3,True,ND1/NE2/ND1,0.16662732296193108,0.28253093879229746,0.09060353193313334,13.946722075584038,37.278682294550826,10,1.9302115881944395,GLU140/OE1,0,99.0,-1.0,,6.099916115908291,THR137/OG1,21,26,0.44680851063829785,0.0,explicit,ok,False,173,17,47,1,1,1,1,3,2
fold_r5_b1_m6_s2_model_4.cif,day1,r5_b1_m6_s2,r5_b1_m6,s2,4,True,ND1/NE2/NE2,0.11818674525145656,0.1951965619370306,0.07084563786373207,14.889371963915728,38.927830355706185,3,2.067129405553251,HIS90/CE1,1,3.1671461997164108,109.85583108776994,GLU59/OE2,3.93132432262574,THR137/OG1,20,31,0.39215686274509803,0.0,explicit,ok,False,173,17,47,1,1,1,1,3,2
fold_r5_b1_m6_s3_model_0.cif,day1,r5_b1_m6_s3,r5_b1_m6,s3,0,True,ND1/NE2/ND1,3.3333515293287066,5.3966948823974725,3.6360037393251137,37.273076780557005,32.1925323394043,4,2.482903171531742,GLU140/CD,2,2.482903171531742,81.56348612083984,GLU140/OE2,5.172623310969425,THR137/OG1,19,26,0.4222222222222222,0.0,explicit,ok,False,173,17,47,1,1,1,1,3,2
fold_r5_b1_m6_s3_model_1.cif,day1,r5_b1_m6_s3,r5_b1_m6,s3,1,True,ND1/ND1/ND1,3.7904414032661213,6.360198960561688,3.829374401482424,17.412333849280746,46.014203384551415,5,1.5979811569632822,GLU140/OE1,0,99.0,-1.0,,5.317825807235993,THR137/OG1,27,35,0.43548387096774194,0.0,explicit,ok,False,173,17,47,1,1,1,1,3,2
fold_r5_b1_m6_s3_model_2.cif,day1,r5_b1_m6_s3,r5_b1_m6,s3,2,True,ND1/ND1/NE2,4.448175547338763,7.484999088488849,4.530927270885452,21.104631929900933,66.34316754598963,3,1.8284977133237676,HIS136/NE2,1,3.3563300014773447,106.32847071935355,ALA83/O,4.986312257050237,THR137/OG1,19,30,0.3877551020408163,0.0,explicit,ok,False,173,17,47,1,1,1,1,3,2
fold_r5_b1_m6_s3_model_3.cif,day1,r5_b1_m6_s3,r5_b1_m6,s3,3,True,ND1/ND1/ND1,3.634142969622965,6.077513384663248,3.680700519722352,17.652890224675442,41.30588611705678,3,2.031022999050687,HIS136/CD2,0,99.0,-1.0,,4.928111915498509,THR137/OG1,20,34,0.37037037037037035,0.0,explicit,ok,False,173,17,47,1,1,1,1,3,2
fold_r5_b1_m6_s3_model_4.cif,day1,r5_b1_m6_s3,r5_b1_m6,s3,4,True,ND1/ND1/ND1,3.6040385133514174,5.978705517254492,3.7457943546207213,20.520665049755536,37.061357923112524,4,2.2507525097077075,HIS136/NE2,0,99.0,-1.0,,4.923448977615946,THR137/OG1,21,33,0.3888888888888889,0.0,explicit,ok,False,173,17,47,1,1,1,1,3,2
fold_r5_b1_m6_s4_model_0.cif,day1,r5_b1_m6_s4,r5_b1_m6,s4,0,True,NE2/NE2/ND1,3.413341665807448,5.527264178501968,5.419963568798371,55.860894088347344,48.18031565273901,2,1.7659770131506547,GLU140/OE1,0,99.0,-1.0,,4.32741733970754,THR137/OG1,17,34,0.3333333333333333,0.0,explicit,ok,False,173,17,47,1,1,1,1,3,2
fold_r5_b1_m6_s4_model_1.cif,day1,r5_b1_m6_s4,r5_b1_m6,s4,1,True,ND1/NE2/NE2,0.12513269625465392,0.21632624494536332,0.46586608251079803,13.033893320653721,32.726579203635545,0,3.155348556551598,,1,3.369428148079327,136.20329855666262,THR137/OG1,3.369428148079327,THR137/OG1,15,33,0.3125,0.0,explicit,ok,False,173,17,47,1,1,1,1,3,2
fold_r5_b1_m6_s4_model_2.cif,day1,r5_b1_m6_s4,r5_b1_m6,s4,2,True,NE2/NE2/NE2,0.30716830175065146,0.5176065851899663,0.35403916395287105,14.40143923131449,31.464377387215922,3,2.1170653073182217,GLU140/OE1,0,99.0,-1.0,,5.084900696008106,THR137/OG1,15,34,0.30612244897959184,0.0,explicit,ok,False,173,17,47,1,1,1,1,3,2
fold_r5_b1_m6_s4_model_3.cif,day1,r5_b1_m6_s4,r5_b1_m6,s4,3,True,ND1/NE2/ND1,0.6189333110142292,1.0411443683857422,1.5491111697474937,27.708392597234255,66.56182156862991,4,1.2024605165814535,GLU59/OE1,1,2.9458655383365837,110.79346602825368,GLU59/OE2,4.6896742518544015,THR137/OG1,20,29,0.40816326530612246,0.0,explicit,ok,False,173,17,47,1,1,1,1,3,2
fold_r5_b1_m6_s4_model_4.cif,day1,r5_b1_m6_s4,r5_b1_m6,s4,4,True,ND1/NE2/NE2,0.28298685918901456,0.4451428886611534,0.43397462142991117,25.800040071806063,35.32339788919643,3,2.635854893534184,GLU59/OE1,1,3.3016141696920474,130.19057660492737,HIS141/NE2,5.323238446948354,THR137/OG1,15,33,0.3125,0.0,explicit,ok,False,173,17,47,1,1,1,1,3,2
fold_r5_b1_m6_s5_model_0.cif,day1,r5_b1_m6_s5,r5_b1_m6,s5,0,True,NE2/NE2/ND1,0.18481688425186227,0.2539396366285128,0.4340634530873357,13.965393531286793,44.42527145001289,3,2.2241589293685995,GLU140/OE1,1,3.20742063735483,99.336255121288,HIS136/ND1,3.6928909454688434,THR137/OG1,19,27,0.41304347826086957,0.0,explicit,ok,False,173,17,47,1,1,1,1,3,2
fold_r5_b1_m6_s5_model_1.cif,day1,r5_b1_m6_s5,r5_b1_m6,s5,1,True,NE2/NE2/ND1,0.1975185077468696,0.30831121404488904,0.5843562087291552,16.09695887991197,37.583282191814476,3,2.6150390780887496,THR137/CA,2,2.7263861476124007,102.1531945014014,HIS136/ND1,3.332141905590089,THR137/OG1,21,28,0.42857142857142855,0.0,explicit,ok,False,173,17,47,1,1,1,1,3,2
fold_r5_b1_m6_s5_model_2.cif,day1,r5_b1_m6_s5,r5_b1_m6,s5,2,True,NE2/NE2/ND1,0.14732149650646456,0.22864713749232105,0.4956242009970118,12.627085225933351,39.12228143977476,2,2.6984584586152294,THR137/CA,2,2.966619223273161,101.65855770589498,HIS136/ND1,3.396073558675891,THR137/OG1,19,27,0.41304347826086957,0.0,explicit,ok,False,173,17,47,1,1,1,1,3,2
fold_r5_b1_m6_s5_model_3.cif,day1,r5_b1_m6_s5,r5_b1_m6,s5,3,True,ND1/NE2/ND1,0.5960258927788734,0.9130780521294656,0.5407004670287477,15.463233205995751,30.44013659387802,4,2.2234099958425184,HIS136/CE1,0,99.0,-1.0,,5.044481499863469,THR137/OG1,16,29,0.35555555555555557,0.0,explicit,ok,False,173,17,47,1,1,1,1,3,2
fold_r5_b1_m6_s5_model_4.cif,day1,r5_b1_m6_s5,r5_b1_m6,s5,4,True,ND1/NE2/ND1,0.4933390686975277,0.726088272623904,0.6384676100803225,16.99175676205395,27.86506386710359,5,2.0446524316350723,HIS136/CE1,1,2.7921668033948595,139.92999492870294,HIS136/ND1,5.690433703085672,THR137/OG1,17,27,0.38636363636363635,0.0,explicit,ok,False,173,17,47,1,1,1,1,3,2
fold_r5_b1_m7_s1_model_0.cif,day2,r5_b1_m7_s1,r5_b1_m7,s1,0,True,ND1/ND1/ND1,0.5499455628070632,0.8826152129712586,1.1332148579121137,43.81317104331075,13.485233905037603,2,2.346912702356692,HIS92/CE1,0,99.0,-1.0,,5.632521917228122,THR49/OG1,17,37,0.3148148148148148,0.0,explicit,ok,False,173,21,52,2,2,2,2,4,3
fold_r5_b1_m7_s1_model_1.cif,day2,r5_b1_m7_s1,r5_b1_m7,s1,1,True,ND1/ND1/ND1,0.5541647171637949,0.905859503530117,0.850096669369575,29.117033527930197,17.98042240233948,3,1.615009461865331,HIS92/CE1,0,99.0,-1.0,,5.032370158574218,THR49/OG1,18,35,0.33962264150943394,0.0,explicit,ok,False,173,21,52,2,2,2,2,4,3
fold_r5_b1_m7_s1_model_2.cif,day2,r5_b1_m7_s1,r5_b1_m7,s1,2,True,ND1/ND1/ND1,0.9888378014333489,1.6998718183082326,3.67306402683011,64.62872333949504,53.502574547477195,3,1.4145851927197228,GLU99/OE2,0,99.0,-1.0,,6.732019550096397,THR49/OG1,18,37,0.32727272727272727,0.0,explicit,ok,False,173,21,52,2,2,2,2,4,3
fold_r5_b1_m7_s1_model_3.cif,day2,r5_b1_m7_s1,r5_b1_m7,s1,3,True,ND1/ND1/NE2,1.0605315625449991,1.7447055425390992,3.730164319637587,76.44959844140651,36.772402624693946,4,1.7020562046791834,GLU99/OE2,1,2.6032493075933583,128.51798588229343,SER24/OG,6.337725135348881,THR49/OG1,15,33,0.3125,0.0,explicit,ok,False,173,21,52,2,2,2,2,4,3
fold_r5_b1_m7_s1_model_4.cif,day2,r5_b1_m7_s1,r5_b1_m7,s1,4,True,ND1/ND1/NE2,1.3214745557744758,2.149422713155303,3.5555395157789893,66.30539159065545,23.11360732504689,4,1.8322136492205388,GLU99/OE2,0,99.0,-1.0,,5.917915262153608,THR49/OG1,14,31,0.3111111111111111,0.0,explicit,ok,False,173,21,52,2,2,2,2,4,3
fold_r5_b1_m7_s2_model_0.cif,day2,r5_b1_m7_s2,r5_b1_m7,s2,0,True,NE2/NE2/NE2,0.8030667787155427,1.3320027317536292,1.0140314759250117,5.202128023665429,45.09179038895186,6,1.6758917113828133,THR49/OG1,1,3.0672935818584652,96.28542940846395,HIS45/ND1,1.6758917113828133,THR49/OG1,24,22,0.5217391304347826,0.0,explicit,ok,False,173,21,52,2,2,2,2,4,3
fold_r5_b1_m7_s2_model_1.cif,day2,r5_b1_m7_s2,r5_b1_m7,s2,1,True,NE2/NE2/NE2,0.46953907166602765,0.8059375324931893,0.6482659817534984,4.792721935271618,42.55980068451502,6,1.4818115348490934,THR49/OG1,1,3.1482845713859287,105.99823415974234,HIS45/ND1,1.4818115348490934,THR49/OG1,24,26,0.48,0.0,explicit,ok,False,173,21,52,2,2,2,2,4,3
fold_r5_b1_m7_s2_model_2.cif,day2,r5_b1_m7_s2,r5_b1_m7,s2,2,True,NE2/NE2/NE2,0.4273590848320291,0.7394162459390577,0.6881065040212586,9.561501728823051,39.55089329696788,6,1.1159750089376976,THR49/OG1,1,3.208413071951366,102.220082898372,HIS45/ND1,1.1159750089376976,THR49/OG1,23,29,0.4423076923076923,0.0,explicit,ok,False,173,21,52,2,2,2,2,4,3
fold_r5_b1_m7_s2_model_3.cif,day2,r5_b1_m7_s2,r5_b1_m7,s2,3,True,NE2/NE2/NE2,0.48334267826058375,0.8322733036336778,0.7458230638056348,9.184280628224725,42.329911751875066,5,1.4555328461092973,THR49/OG1,0,99.0,-1.0,,1.4555328461092973,THR49/OG1,24,26,0.48,0.0,explicit,ok,False,173,21,52,2,2,2,2,4,3
fold_r5_b1_m7_s2_model_4.cif,day2,r5_b1_m7_s2,r5_b1_m7,s2,4,True,NE2/NE2/NE2,0.4051486850785523,0.6981542660602107,0.7300605839455881,11.783184652290076,37.781249136599705,5,1.2594575675171085,THR49/OG1,0,99.0,-1.0,,1.2594575675171085,THR49/OG1,24,25,0.4897959183673469,0.0,explicit,ok,False,173,21,52,2,2,2,2,4,3
fold_r5_b1_m7_s3_model_0.cif,day2,r5_b1_m7_s3,r5_b1_m7,s3,0,True,ND1/ND1/NE2,1.8991183312107203,3.122331579823966,5.398782143339761,76.68913403493069,43.6784132544716,3,2.229428566245509,GLU99/OE2,0,99.0,-1.0,,6.102231789761726,THR49/OG1,21,32,0.39622641509433965,0.0,explicit,ok,False,173,21,52,2,2,2,2,4,3
fold_r5_b1_m7_s3_model_1.cif,day2,r5_b1_m7_s3,r5_b1_m7,s3,1,True,ND1/ND1/NE2,1.7876059928974946,2.9227888558122794,5.1968853839095415,77.17919421641695,38.82168649157091,2,2.4936047196942863,GLU28/OE2,1,2.5363980382747475,108.40999662154057,SER24/OG,5.858592477357527,THR49/OG1,19,31,0.38,0.0,explicit,ok,False,173,21,52,2,2,2,2,4,3
fold_r5_b1_m7_s3_model_2.cif,day2,r5_b1_m7_s3,r5_b1_m7,s3,2,True,NE2/ND1/NE2,1.7322432023943903,2.9769775512978276,4.238387861201751,66.81824646158908,51.95229604677585,1,2.9962900420510956,GLU28/OE2,2,3.2326658314637395,94.66117615819199,GLU99/OE2,6.038373874842366,THR49/OG1,14,33,0.2978723404255319,0.0078125,explicit,ok,False,173,21,52,2,2,2,2,4,3
fold_r5_b1_m7_s3_model_3.cif,day2,r5_b1_m7_s3,r5_b1_m7,s3,3,True,ND1/ND1/NE2,1.8324798390801795,3.1100926384099536,3.911092352184158,49.94644265252378,21.795780321683498,2,1.2910031560468795,GLU28/OE2,1,2.8327983036606805,132.74293108800967,SER24/OG,4.759072562074563,THR49/OG1,12,30,0.2857142857142857,0.0,explicit,ok,False,173,21,52,2,2,2,2,4,3
fold_r5_b1_m7_s3_model_4.cif,day2,r5_b1_m7_s3,r5_b1_m7,s3,4,True,ND1/ND1/NE2,0.5032673541513881,0.8511850722417231,1.448796486208585,33.214283295944334,37.07961865921929,2,1.2423833958755601,GLU28/OE1,2,3.01600137411423,119.49380224936827,THR49/OG1,3.01600137411423,THR49/OG1,12,29,0.2926829268292683,0.0,explicit,ok,False,173,21,52,2,2,2,2,4,3
fold_r5_b1_m7_s4_model_0.cif,day2,r5_b1_m7_s4,r5_b1_m7,s4,0,True,NE2/NE2/NE2,0.5241367339979273,0.8995986837752826,0.6049515906270764,15.16301628337735,46.781901786269344,5,0.7339640889131619,HIS45/NE2,1,2.4056550682529636,116.90308657239551,HIS45/ND1,4.043174331544661,THR49/OG1,27,27,0.5,0.0,explicit,ok,False,173,21,52,2,2,2,2,4,3
fold_r5_b1_m7_s4_model_1.cif,day2,r5_b1_m7_s4,r5_b1_m7,s4,1,True,ND1/ND1/NE2,0.3009253684862825,0.4451668018453813,0.5540720751551554,16.623315763741903,45.73643628715431,7,1.1545262778328296,HIS45/NE2,1,2.7048807499111898,116.33245898249942,HIS45/ND1,4.478091371288179,THR49/OG1,29,26,0.5272727272727272,0.0,explicit,ok,False,173,21,52,2,2,2,2,4,3
fold_r5_b1_m7_s4_model_2.cif,day2,r5_b1_m7_s4,r5_b1_m7,s4,2,True,ND1/NE2/NE2,0.6299120073456853,1.06986434269263,0.8217524274383301,11.128563503775514,60.380450604921656,6,0.6159319112092041,HIS45/NE2,0,99.0,-1.0,,3.8137776895101743,THR49/OG1,28,26,0.5185185185185185,0.0,explicit,ok,False,173,21,52,2,2,2,2,4,3
fold_r5_b1_m7_s4_model_3.cif,day2,r5_b1_m7_s4,r5_b1_m7,s4,3,True,NE2/ND1/NE2,0.5650895413095104,0.8924011111478308,0.5290321899592672,14.67813383690079,37.1869007784822,4,0.4530975490332421,HIS45/NE2,2,2.4531441829110725,127.16316853753536,HIS45/ND1,5.330005229880116,THR49/OG1,25,28,0.4716981132075472,0.0,explicit,ok,False,173,21,52,2,2,2,2,4,3
fold_r5_b1_m7_s4_model_4.cif,day2,r5_b1_m7_s4,r5_b1_m7,s4,4,True,ND1/ND1/NE2,0.44391216621494967,0.6689454697961036,0.604787157986086,13.472521095633166,39.03895102806673,7,0.725021153210281,HIS45/NE2,0,99.0,-1.0,,4.016227895995741,THR49/OG1,26,28,0.48148148148148145,0.0,explicit,ok,False,173,21,52,2,2,2,2,4,3
fold_r5_b1_m7_s5_model_0.cif,day2,r5_b1_m7_s5,r5_b1_m7,s5,0,True,NE2/ND1/NE2,1.4990776791101625,2.5937741391590476,4.308822193820031,67.58317936749374,54.787714778314665,2,2.295529253337143,GLU99/OE1,2,2.921441954625511,100.05267179328465,GLU99/OE2,8.801883512023954,THR49/OG1,15,32,0.3191489361702128,0.0,explicit,ok,False,173,21,52,2,2,2,2,4,3
fold_r5_b1_m7_s5_model_1.cif,day2,r5_b1_m7_s5,r5_b1_m7,s5,1,True,NE2/ND1/NE2,1.2681793346715573,2.174656608618955,3.5229342178711187,61.193525262130855,51.45049759082452,2,1.5772488726156815,GLU99/OE2,0,99.0,-1.0,,8.112826472334984,THR49/OG1,14,34,0.2916666666666667,0.0,explicit,ok,False,173,21,52,2,2,2,2,4,3
fold_r5_b1_m7_s5_model_2.cif,day2,r5_b1_m7_s5,r5_b1_m7,s5,2,True,NE2/ND1/NE2,1.3061436871387089,2.2383599640126377,3.74524178340638,64.70881427005332,48.95877051848013,3,1.836350757757504,GLU99/OE2,1,3.273116875435266,130.16089599143694,GLU65/OE1,8.800438880387437,THR49/OG1,14,31,0.3111111111111111,0.0,explicit,ok,False,173,21,52,2,2,2,2,4,3
fold_r5_b1_m7_s5_model_3.cif,day2,r5_b1_m7_s5,r5_b1_m7,s5,3,True,NE2/ND1/NE2,1.4845297705794467,2.567813101319271,4.055184418704829,64.83163995040836,56.100170972011945,3,2.2697939508449307,GLU99/OE1,1,3.2107623971939847,106.08061489867774,GLU99/OE2,7.761227609400827,THR49/OG1,14,34,0.2916666666666667,0.0,explicit,ok,False,173,21,52,2,2,2,2,4,3
fold_r5_b1_m7_s5_model_4.cif,day2,r5_b1_m7_s5,r5_b1_m7,s5,4,True,ND1/ND1/NE2,0.8790252582646628,1.4584548391242969,3.18595451572892,64.47650208232508,49.810788436240536,2,2.063046808204017,GLU28/OE2,1,3.392626205860901,89.57573360762929,GLU99/OE1,6.414500747019866,THR49/OG1,9,35,0.20454545454545456,0.0,explicit,ok,False,173,21,52,2,2,2,2,4,3
