backbone,id,overall_confidence,ligand_confidence,seq_rec
b0_m1,1,0.4488,0.3357,0.4343
b0_m1,2,0.4273,0.2731,0.404
b0_m1,3,0.4324,0.3104,0.4242
b0_m1,4,0.4271,0.2604,0.4293
b0_m1,5,0.4419,0.3623,0.3939
b0_m2,1,0.385,0.4102,0.3384
b0_m2,2,0.4135,0.3407,0.3636
b0_m2,3,0.3992,0.3821,0.399
b0_m2,4,0.4328,0.4088,0.3636
b0_m2,5,0.3925,0.3612,0.3535
b0_m3,1,0.4566,0.4256,0.4495
b0_m3,2,0.4638,0.441,0.4293
b0_m3,3,0.4445,0.4138,0.4091
b0_m3,4,0.4637,0.4165,0.4293
b0_m3,5,0.4518,0.4572,0.4091
b0_m4,1,0.4225,0.4699,0.4444
b0_m4,2,0.4251,0.4852,0.4242
b0_m4,3,0.4272,0.5106,0.4343
b0_m4,4,0.421,0.4383,0.4545
b0_m4,5,0.4303,0.4867,0.4747
b0_m6,1,0.4501,0.4168,0.5909
b0_m6,2,0.4428,0.4228,0.6111
b0_m6,3,0.4433,0.4245,0.5707
b0_m6,4,0.4477,0.4213,0.5455
b0_m6,5,0.4328,0.4054,0.5505
b0_m7,1,0.4064,0.4218,0.4747
b0_m7,2,0.4294,0.3923,0.4848
b0_m7,3,0.4199,0.3789,0.4899
b0_m7,4,0.4219,0.4221,0.4444
b0_m7,5,0.4066,0.3938,0.4596
b1_m0,1,0.4432,0.4157,0.463
b1_m0,2,0.4454,0.4453,0.4753
b1_m0,3,0.4597,0.3611,0.4383
b1_m0,4,0.4352,0.3875,0.4506
b1_m0,5,0.465,0.4105,0.4568
b1_m2,1,0.4133,0.3562,0.4012
b1_m2,2,0.401,0.3483,0.4259
b1_m2,3,0.4145,0.3671,0.4321
b1_m2,4,0.4191,0.3507,0.4136
b1_m2,5,0.4032,0.347,0.4198
