job,backbone,seq,model,ok,co2_open_frac,water_clash,escape_frac,lone_pair_dev,metal_fit_residual,metal_source,shell_hbond_n,probe_dist
r8_b0_m1_s1,b0_m1,1,0,True,0.0,4,0.0,64.21,11.689,explicit,0,5.28
r8_b0_m1_s1,b0_m1,1,1,True,0.0,4,0.0,41.1,8.267,explicit,1,7.76
r8_b0_m1_s1,b0_m1,1,2,True,0.12,2,0.0,51.94,7.172,explicit,0,8.72
r8_b0_m1_s1,b0_m1,1,3,True,0.0,5,0.0,23.43,4.283,explicit,1,3.57
r8_b0_m1_s1,b0_m1,1,4,True,0.0,3,0.0,67.25,10.554,explicit,1,5.74
r8_b0_m1_s2,b0_m1,2,0,True,0.0,4,0.0,45.86,3.957,explicit,1,2.18
r8_b0_m1_s2,b0_m1,2,1,True,0.0,5,0.0,50.69,4.523,explicit,2,1.9
r8_b0_m1_s2,b0_m1,2,2,True,0.0,3,0.0,57.66,4.417,explicit,2,2.33
r8_b0_m1_s2,b0_m1,2,3,True,0.0,6,0.0,39.32,3.622,explicit,1,1.54
r8_b0_m1_s2,b0_m1,2,4,True,0.0,5,0.0,34.72,3.477,explicit,0,1.74
r8_b0_m1_s3,b0_m1,3,0,True,0.0,6,0.0,58.4,3.114,explicit,0,10.56
r8_b0_m1_s3,b0_m1,3,1,True,0.0,8,0.0,31.18,2.905,explicit,0,10.66
r8_b0_m1_s3,b0_m1,3,2,True,0.0,7,0.0,32.02,2.86,explicit,0,10.42
r8_b0_m1_s3,b0_m1,3,3,True,0.0,6,0.0,32.88,2.915,explicit,0,10.28
r8_b0_m1_s3,b0_m1,3,4,True,0.0,8,0.0,36.83,2.864,explicit,0,10.83
r8_b0_m1_s4,b0_m1,4,0,True,0.0,6,0.0,29.3,5.398,explicit,2,11.4
r8_b0_m1_s4,b0_m1,4,1,True,0.0,6,0.0,34.13,5.619,explicit,1,12.11
r8_b0_m1_s4,b0_m1,4,2,True,0.0,4,0.0,50.57,5.434,explicit,1,11.5
r8_b0_m1_s4,b0_m1,4,3,True,0.0,7,0.0,63.89,9.554,explicit,3,12.43
r8_b0_m1_s4,b0_m1,4,4,True,0.0,7,0.0,43.46,5.483,explicit,1,22.72
r8_b0_m1_s5,b0_m1,5,0,True,0.0,3,0.0,55.26,3.749,explicit,2,2.18
r8_b0_m1_s5,b0_m1,5,1,True,0.0,5,0.0,36.84,3.107,explicit,2,1.9
r8_b0_m1_s5,b0_m1,5,2,True,0.0,4,0.0,50.37,4.301,explicit,2,1.86
r8_b0_m1_s5,b0_m1,5,3,True,0.0,5,0.0,31.27,4.089,explicit,1,1.22
r8_b0_m1_s5,b0_m1,5,4,True,0.0,7,0.0,40.63,4.252,explicit,1,1.86
r8_b0_m3_s1,b0_m3,1,0,True,0.0,7,0.0,47.55,2.646,explicit,0,3.77
r8_b0_m3_s1,b0_m3,1,1,True,0.0,6,0.0,43.66,2.827,explicit,0,3.85
r8_b0_m3_s1,b0_m3,1,2,True,0.0,5,0.0,41.67,2.64,explicit,0,3.72
r8_b0_m3_s1,b0_m3,1,3,True,0.0,6,0.0,42.4,2.739,explicit,0,3.7
r8_b0_m3_s1,b0_m3,1,4,True,0.0,5,0.0,43.39,2.791,explicit,0,3.8
r8_b0_m3_s2,b0_m3,2,0,True,0.0,8,0.0,39.3,2.912,explicit,0,4.52
r8_b0_m3_s2,b0_m3,2,1,True,0.0,7,0.0,39.44,2.757,explicit,0,4.24
r8_b0_m3_s2,b0_m3,2,2,True,0.0,8,0.0,41.28,3.003,explicit,0,4.5
r8_b0_m3_s2,b0_m3,2,3,True,0.0,7,0.0,38.72,3.215,explicit,0,4.45
r8_b0_m3_s2,b0_m3,2,4,True,0.0,7,0.0,38.95,3.159,explicit,0,4.36
r8_b0_m3_s3,b0_m3,3,0,True,0.0,6,0.0,39.01,2.801,explicit,0,4.6
r8_b0_m3_s3,b0_m3,3,1,True,0.0,6,0.0,37.43,2.608,explicit,1,4.68
r8_b0_m3_s3,b0_m3,3,2,True,0.0,6,0.0,42.12,2.866,explicit,0,4.77
r8_b0_m3_s3,b0_m3,3,3,True,0.0,6,0.0,39.55,2.784,explicit,1,4.58
r8_b0_m3_s3,b0_m3,3,4,True,0.0,6,0.0,39.96,2.814,explicit,0,4.64
r8_b0_m3_s4,b0_m3,4,0,True,0.0,7,0.0,31.01,1.753,explicit,0,4.88
r8_b0_m3_s4,b0_m3,4,1,True,0.0,6,0.0,30.95,1.872,explicit,0,4.86
r8_b0_m3_s4,b0_m3,4,2,True,0.0,6,0.0,32.15,1.629,explicit,0,4.91
r8_b0_m3_s4,b0_m3,4,3,True,0.0,6,0.0,33.43,2.036,explicit,0,4.37
r8_b0_m3_s4,b0_m3,4,4,True,0.0,6,0.0,36.4,2.379,explicit,0,4.78
r8_b0_m3_s5,b0_m3,5,0,True,0.0,6,0.0,40.05,2.835,explicit,0,4.35
r8_b0_m3_s5,b0_m3,5,1,True,0.0,7,0.0,32.75,1.868,explicit,0,4.35
r8_b0_m3_s5,b0_m3,5,2,True,0.0,6,0.0,42.09,2.555,explicit,0,4.32
r8_b0_m3_s5,b0_m3,5,3,True,0.0,7,0.0,31.91,1.899,explicit,0,4.46
r8_b0_m3_s5,b0_m3,5,4,True,0.0,6,0.0,42.86,3.616,explicit,0,3.91
r8_b1_m0_s1,b1_m0,1,0,True,0.0,6,0.0,44.4,2.53,explicit,0,4.22
r8_b1_m0_s1,b1_m0,1,1,True,0.0,5,0.0,40.98,2.688,explicit,0,6.8
r8_b1_m0_s1,b1_m0,1,2,True,0.0,3,0.0,46.58,4.017,explicit,0,8.69
r8_b1_m0_s1,b1_m0,1,3,True,0.0,6,0.0,43.03,2.448,explicit,0,4.53
r8_b1_m0_s1,b1_m0,1,4,True,0.0,7,0.0,41.1,2.547,explicit,0,4.54
r8_b1_m0_s2,b1_m0,2,0,True,0.0,6,0.0,51.03,3.976,explicit,0,6.3
r8_b1_m0_s2,b1_m0,2,1,True,0.0,7,0.0,64.72,2.87,explicit,0,11.46
r8_b1_m0_s2,b1_m0,2,2,True,0.0,7,0.0,52.61,1.956,explicit,1,6.95
r8_b1_m0_s2,b1_m0,2,3,True,0.0,1,0.0,47.98,2.815,explicit,0,11.4
r8_b1_m0_s2,b1_m0,2,4,True,0.133,2,0.25,57.8,11.41,explicit,0,18.77
r8_b1_m0_s3,b1_m0,3,0,True,0.0,2,0.0,36.6,2.582,explicit,0,9.25
r8_b1_m0_s3,b1_m0,3,1,True,0.0,4,0.0,43.47,2.465,explicit,0,7.82
r8_b1_m0_s3,b1_m0,3,2,True,0.0,7,0.0,39.03,3.375,explicit,0,6.59
r8_b1_m0_s3,b1_m0,3,3,True,0.0,5,0.0,38.76,0.688,explicit,0,6.16
r8_b1_m0_s3,b1_m0,3,4,True,0.0,4,0.0,60.55,2.307,explicit,0,9.94
r8_b1_m0_s4,b1_m0,4,0,True,0.0,4,0.0,58.25,3.707,explicit,0,7.29
r8_b1_m0_s4,b1_m0,4,1,True,0.0,4,0.0,44.52,2.854,explicit,0,7.0
r8_b1_m0_s4,b1_m0,4,2,True,0.0,5,0.0,35.57,2.98,explicit,0,7.17
r8_b1_m0_s4,b1_m0,4,3,True,0.001,4,0.0,55.57,2.405,explicit,1,4.73
r8_b1_m0_s4,b1_m0,4,4,True,0.0,4,0.0,54.32,2.536,explicit,0,6.51
r8_b1_m0_s5,b1_m0,5,0,True,0.0,6,0.0,38.17,2.629,explicit,0,6.45
r8_b1_m0_s5,b1_m0,5,1,True,0.0,8,0.0,37.34,2.712,explicit,1,6.45
r8_b1_m0_s5,b1_m0,5,2,True,0.0,5,0.0,59.93,2.174,explicit,2,6.66
r8_b1_m0_s5,b1_m0,5,3,True,0.0,6,0.0,42.53,0.282,explicit,0,5.84
r8_b1_m0_s5,b1_m0,5,4,True,0.0,4,0.0,30.47,0.509,explicit,1,5.51
r8_b1_m2_s1,b1_m2,1,0,True,0.0,6,0.0,37.57,2.44,explicit,1,4.95
r8_b1_m2_s1,b1_m2,1,1,True,0.0,9,0.0,42.11,2.27,explicit,0,6.36
r8_b1_m2_s1,b1_m2,1,2,True,0.0,8,0.0,35.7,2.256,explicit,1,5.69
r8_b1_m2_s1,b1_m2,1,3,True,0.0,7,0.0,30.61,1.146,explicit,1,5.98
r8_b1_m2_s1,b1_m2,1,4,True,0.0,6,0.0,30.5,1.327,explicit,0,7.88
r8_b1_m2_s2,b1_m2,2,0,True,0.585,2,0.414,67.45,19.485,explicit,0,17.98
r8_b1_m2_s2,b1_m2,2,1,True,0.488,1,0.391,62.47,19.271,explicit,0,18.72
r8_b1_m2_s2,b1_m2,2,2,True,0.431,2,0.0,84.77,25.549,explicit,2,22.16
r8_b1_m2_s2,b1_m2,2,3,True,0.41,2,0.0,28.5,11.471,explicit,0,12.55
r8_b1_m2_s2,b1_m2,2,4,True,0.585,0,0.445,75.55,12.827,explicit,1,13.73
r8_b1_m2_s3,b1_m2,3,0,True,0.603,1,0.453,77.81,19.481,explicit,0,15.24
r8_b1_m2_s3,b1_m2,3,1,True,0.21,2,0.141,60.83,2.449,explicit,1,21.81
r8_b1_m2_s3,b1_m2,3,2,True,0.67,0,0.57,58.21,3.257,explicit,0,22.19
r8_b1_m2_s3,b1_m2,3,3,True,0.0,6,0.0,74.31,5.894,explicit,1,13.98
r8_b1_m2_s3,b1_m2,3,4,True,0.086,0,0.203,60.79,12.934,explicit,0,21.47
r8_b1_m2_s4,b1_m2,4,0,True,0.345,1,0.156,40.11,13.739,explicit,0,15.62
r8_b1_m2_s4,b1_m2,4,1,True,0.102,3,0.0,57.87,8.64,explicit,0,13.65
r8_b1_m2_s4,b1_m2,4,2,True,0.0,11,0.0,54.05,4.989,explicit,0,27.78
r8_b1_m2_s4,b1_m2,4,3,True,0.358,3,0.0,29.94,10.317,explicit,0,24.84
r8_b1_m2_s4,b1_m2,4,4,True,1.0,0,0.617,41.06,11.958,explicit,0,16.54
r8_b1_m2_s5,b1_m2,5,0,True,0.0,7,0.0,104.23,6.471,explicit,2,17.72
r8_b1_m2_s5,b1_m2,5,1,True,0.09,4,0.0,72.8,4.993,explicit,1,24.44
r8_b1_m2_s5,b1_m2,5,2,True,0.47,0,0.344,60.58,9.036,explicit,0,23.64
r8_b1_m2_s5,b1_m2,5,3,True,0.06,3,0.0,74.28,6.753,explicit,0,18.94
r8_b1_m2_s5,b1_m2,5,4,True,0.166,1,0.086,80.93,8.488,explicit,1,14.91
