model,cif,co2_open_frac,water_clash,join_point_rmsd,insertion_rmsd,num_residues,ligand_clashes,sc_clashes,chainbreaks
b1_m6,rfd3/r8_out/lean_co2/rfd3_r8_lean_co2oh-ca_mimic_r8_lean_co2_designbatch_1/config_ca_mimic_r8_lean_co2oh_0_model_6.cif,0.065,0,0.83,1.1,213,0,0,1
b0_m7,rfd3/r8_out/lean_co2/rfd3_r8_lean_co2oh-ca_mimic_r8_lean_co2_designbatch_0/config_ca_mimic_r8_lean_co2oh_0_model_7.cif,0.061,0,1.65,1.77,174,0,2,1
b0_m4,rfd3/r8_out/lean_co2/rfd3_r8_lean_co2oh-ca_mimic_r8_lean_co2_designbatch_0/config_ca_mimic_r8_lean_co2oh_0_model_4.cif,0.037,0,0.85,1.01,174,0,0,0
b0_m1,rfd3/r8_out/lean_co2/rfd3_r8_lean_co2oh-ca_mimic_r8_lean_co2_designbatch_0/config_ca_mimic_r8_lean_co2oh_0_model_1.cif,0.028,0,1.48,1.41,174,0,0,0
b1_m1,rfd3/r8_out/lean_co2/rfd3_r8_lean_co2oh-ca_mimic_r8_lean_co2_designbatch_1/config_ca_mimic_r8_lean_co2oh_0_model_1.cif,0.028,0,2.22,1.91,213,0,4,0
b0_m2,rfd3/r8_out/lean_co2/rfd3_r8_lean_co2oh-ca_mimic_r8_lean_co2_designbatch_0/config_ca_mimic_r8_lean_co2oh_0_model_2.cif,0.023,0,0.58,0.66,174,0,0,0
b1_m0,rfd3/r8_out/lean_co2/rfd3_r8_lean_co2oh-ca_mimic_r8_lean_co2_designbatch_1/config_ca_mimic_r8_lean_co2oh_0_model_0.cif,0.021,0,1.97,1.93,213,0,3,0
b1_m5,rfd3/r8_out/lean_co2/rfd3_r8_lean_co2oh-ca_mimic_r8_lean_co2_designbatch_1/config_ca_mimic_r8_lean_co2oh_0_model_5.cif,0.013,0,1.88,1.89,213,0,1,0
b0_m6,rfd3/r8_out/lean_co2/rfd3_r8_lean_co2oh-ca_mimic_r8_lean_co2_designbatch_0/config_ca_mimic_r8_lean_co2oh_0_model_6.cif,0.006,0,2.54,2.43,174,0,2,1
b0_m5,rfd3/r8_out/lean_co2/rfd3_r8_lean_co2oh-ca_mimic_r8_lean_co2_designbatch_0/config_ca_mimic_r8_lean_co2oh_0_model_5.cif,0.118,1,1.1,1.06,174,0,0,0
b1_m4,rfd3/r8_out/lean_co2/rfd3_r8_lean_co2oh-ca_mimic_r8_lean_co2_designbatch_1/config_ca_mimic_r8_lean_co2oh_0_model_4.cif,0.068,1,1.8,1.97,213,0,4,0
b0_m0,rfd3/r8_out/lean_co2/rfd3_r8_lean_co2oh-ca_mimic_r8_lean_co2_designbatch_0/config_ca_mimic_r8_lean_co2oh_0_model_0.cif,0.067,1,0.58,0.95,174,0,0,0
b1_m7,rfd3/r8_out/lean_co2/rfd3_r8_lean_co2oh-ca_mimic_r8_lean_co2_designbatch_1/config_ca_mimic_r8_lean_co2oh_0_model_7.cif,0.033,1,1.19,1.38,213,0,0,0
b1_m3,rfd3/r8_out/lean_co2/rfd3_r8_lean_co2oh-ca_mimic_r8_lean_co2_designbatch_1/config_ca_mimic_r8_lean_co2oh_0_model_3.cif,0.025,1,1.31,1.34,213,0,0,1
b0_m3,rfd3/r8_out/lean_co2/rfd3_r8_lean_co2oh-ca_mimic_r8_lean_co2_designbatch_0/config_ca_mimic_r8_lean_co2oh_0_model_3.cif,0.0,2,0.8,0.96,174,0,3,0
b1_m2,rfd3/r8_out/lean_co2/rfd3_r8_lean_co2oh-ca_mimic_r8_lean_co2_designbatch_1/config_ca_mimic_r8_lean_co2oh_0_model_2.cif,0.0,1,1.33,1.79,213,0,3,0
