pdb,ok,coord_atoms,coord_rmsd_vs_ref,pair_dist_rmsd_vs_ref,metal_fit_residual,angle_rmsd,lone_pair_dev,water_clash,water_min_dist,water_blocker,shell_hbond_n,shell_hbond_dist,shell_hbond_angle,shell_hbond_resid,probe_dist,probe_resid,pocket_hydrophobic,pocket_polar,pocket_ratio,escape_frac,metal_source,nb_status,pass,co2_open_frac,co2_n_cand
fold_r6_c_id13_model_0.cif,True,ND1/NE2/ND1,,,0.08210366722896437,13.149420393730042,32.91943987300068,1,2.506352385880909,HIS120/CE1,0,99.0,-1.0,,5.1372565090284015,THR79/OG1,20,47,0.29850746268656714,0.0,explicit,ok,False,0.0,5049
fold_r6_c_id13_model_1.cif,True,ND1/NE2/ND1,,,0.14973440354238363,12.446078913184687,36.583647809242606,2,2.2998252707454574,HIS120/CE1,0,99.0,-1.0,,4.130072349271086,THR79/OG1,18,50,0.2647058823529412,0.0,explicit,ok,False,0.0,5047
fold_r6_c_id13_model_2.cif,True,ND1/NE2/ND1,,,0.18042356518587746,13.63856264251882,29.87992867370323,1,2.18394274875821,HIS120/CE1,0,99.0,-1.0,,5.107697788017076,THR79/OG1,20,46,0.30303030303030304,0.0,explicit,ok,False,0.002179512581731722,5047
fold_r6_c_id13_model_3.cif,True,ND1/NE2/ND1,,,0.13933264858623695,12.632705816727311,36.12909692609336,2,2.298572335528523,HIS120/CE1,0,99.0,-1.0,,4.749060791271972,THR79/OG1,19,47,0.2878787878787879,0.0,explicit,ok,False,0.0,5039
fold_r6_c_id13_model_4.cif,True,ND1/NE2/ND1,,,0.1133831062919613,15.461890444939863,27.601528808039273,1,2.2819630426825586,HIS120/CE1,0,99.0,-1.0,,5.231129531821723,THR79/OG1,18,45,0.2857142857142857,0.0,explicit,ok,False,0.0,5043
fold_r6_c_id1_model_0.cif,True,ND1/NE2/ND1,,,0.11950024488169665,14.407970285001777,23.595698110102504,3,1.7100830691175766,HIS120/CE1,0,99.0,-1.0,,5.640152805075593,THR79/OG1,26,32,0.4482758620689655,0.0,explicit,ok,False,0.006546320174568538,5041
fold_r6_c_id1_model_1.cif,True,ND1/NE2/ND1,,,0.10608307443734373,14.638524997062497,26.292967134082925,3,1.3720462135108937,HIS120/CE1,0,99.0,-1.0,,6.289203128040608,THR79/OG1,24,34,0.41379310344827586,0.0,explicit,ok,False,0.0,5054
fold_r6_c_id1_model_2.cif,True,ND1/NE2/ND1,,,0.10719849073423518,15.493761230862022,24.070271587649085,4,1.2229255372520509,HIS120/CE1,0,99.0,-1.0,,5.0054075794412345,THR79/OG1,24,34,0.41379310344827586,0.0,explicit,ok,False,0.0,5044
fold_r6_c_id1_model_3.cif,True,ND1/NE2/ND1,,,0.09461124729829717,14.681548575444044,25.74220578509617,3,1.3659580257736987,HIS120/CE1,0,99.0,-1.0,,6.316684228513678,THR79/OG1,25,35,0.4166666666666667,0.0,explicit,ok,False,0.0,5043
fold_r6_c_id1_model_4.cif,True,ND1/NE2/ND1,,,0.10494191994890292,16.83820742897519,24.735704177393696,3,1.3690884207202019,HIS120/CE1,0,99.0,-1.0,,6.308046490086824,THR79/OG1,22,34,0.39285714285714285,0.0,explicit,ok,False,0.0,5050
fold_r6_c_id23_model_0.cif,True,ND1/NE2/ND1,,,0.35426729860693323,7.816569498709438,32.880457445876694,1,2.9763302961442974,HIS120/CE1,0,99.0,-1.0,,9.506861213849373,THR79/OG1,18,33,0.35294117647058826,0.0,explicit,ok,False,0.01190003966679889,5042
fold_r6_c_id23_model_1.cif,True,ND1/ND1/ND1,,,0.5229713552573823,15.610655906554607,55.78479390810753,3,2.8020636569021913,ALA104/CB,0,99.0,-1.0,,9.168354942786644,THR79/OG1,13,41,0.24074074074074073,0.0,explicit,ok,False,0.00814461660707191,5034
fold_r6_c_id23_model_2.cif,True,ND1/NE2/ND1,,,0.4959867923097803,6.936773092073159,36.83380490108269,1,2.607186677573787,ALA104/CB,0,99.0,-1.0,,9.11374944197852,THR79/OG1,15,42,0.2631578947368421,0.0,explicit,ok,False,0.021225947232691927,5041
fold_r6_c_id23_model_3.cif,True,ND1/NE2/ND1,,,0.4783963942227989,13.109581351642477,36.300958762751925,2,2.5973794857241543,ALA104/CB,0,99.0,-1.0,,9.236650990802534,THR79/OG1,19,37,0.3392857142857143,0.0,explicit,ok,False,0.00019821605550049553,5045
fold_r6_c_id23_model_4.cif,True,ND1/ND1/ND1,,,0.294106595371003,14.99018189581894,39.64697174832178,4,2.4589609954420486,SER101/N,0,99.0,-1.0,,10.098925563872811,THR79/OG1,13,41,0.24074074074074073,0.0,explicit,ok,False,0.0,5052
fold_r6_c_id29_model_0.cif,True,ND1/NE2/ND1,,,1.70667773694357,31.55338371330203,20.707023196913212,5,1.2893072986807979,SER77/O,0,99.0,-1.0,,5.118394997434882,THR79/OG1,17,40,0.2982456140350877,0.0,explicit,ok,False,0.0,5037
fold_r6_c_id29_model_1.cif,True,ND1/NE2/ND1,,,1.659483968189729,34.280514726596934,17.838063193052545,2,1.538318058602358,SER77/O,0,99.0,-1.0,,4.616488294092257,THR79/OG1,17,38,0.3090909090909091,0.0,explicit,ok,False,0.0005952380952380953,5040
fold_r6_c_id29_model_2.cif,True,ND1/NE2/ND1,,,1.732395064775371,36.41040903645613,18.636629793870625,3,2.2906870203825815,SER77/O,0,99.0,-1.0,,5.837072132785425,THR79/OG1,17,38,0.3090909090909091,0.0,explicit,ok,False,0.0,5034
fold_r6_c_id29_model_3.cif,True,ND1/NE2/ND1,,,1.2156323647398941,23.266904318069432,30.11986793074117,4,1.0103569773009986,SER77/O,0,99.0,-1.0,,3.8658209142388205,THR79/OG1,17,35,0.3269230769230769,0.0,explicit,ok,False,0.0,5040
fold_r6_c_id29_model_4.cif,True,ND1/NE2/ND1,,,1.67025026854985,33.15967293778603,17.93285618380796,3,1.3176310190052132,SER77/O,0,99.0,-1.0,,6.050221132812707,THR79/OG1,17,36,0.32075471698113206,0.0,explicit,ok,False,0.001984126984126984,5040
fold_r6_c_id2_model_0.cif,True,ND1/NE2/NE2,,,0.045388944588457845,6.99104056969968,14.6427895358472,1,2.2850172445412,THR79/CG2,1,3.017460473788265,117.33382381911905,GLY76/O,4.424851713266383,THR79/OG1,18,38,0.32142857142857145,0.0,explicit,ok,False,0.0,5045
fold_r6_c_id2_model_1.cif,True,ND1/NE2/NE2,,,0.022580328584787535,8.384908003677836,11.972874686448174,0,3.223865324078054,,0,99.0,-1.0,,6.571510500297331,THR79/OG1,14,33,0.2978723404255319,0.015625,explicit,ok,True,0.013277843836702339,5046
fold_r6_c_id2_model_2.cif,True,ND1/NE2/NE2,,,0.024733424888635502,8.163536667101743,12.915701981100062,1,2.1857892307621496,SER77/O,0,99.0,-1.0,,3.628692117511478,THR79/OG1,18,33,0.35294117647058826,0.0,explicit,ok,False,0.0,5045
fold_r6_c_id2_model_3.cif,True,ND1/NE2/NE2,,,0.025096913306790557,8.70226127668069,16.02030016221677,0,3.3589836500767554,,0,99.0,-1.0,,6.09616151325352,THR79/OG1,16,34,0.32,0.015625,explicit,ok,False,0.006945822583846001,5039
fold_r6_c_id2_model_4.cif,True,ND1/NE2/NE2,,,0.011388027301419893,9.002886031750279,11.075560065170558,0,3.1920471509764132,,1,3.1920471509764132,94.27218325314442,SER77/O,3.388178270840943,THR79/OG1,14,37,0.27450980392156865,0.0,explicit,ok,True,0.0,5042
fold_r6_c_id30_model_0.cif,True,ND1/NE2/ND1,,,0.3549620204070455,12.083914353172073,56.88797792845505,2,2.79765172137065,HIS97/CE1,0,99.0,-1.0,,2.79765172137065,THR79/OG1,19,35,0.35185185185185186,0.0,explicit,ok,False,0.017828843106180665,5048
fold_r6_c_id30_model_1.cif,True,ND1/NE2/ND1,,,0.21491377278974905,15.8300775237028,44.07273578551869,2,1.5553727976118863,HIS120/CE1,2,2.6407371823699872,108.1533188803243,GLU118/OE2,3.360075014143967,THR79/OG1,24,36,0.4,0.0,explicit,ok,False,0.0,5042
fold_r6_c_id30_model_2.cif,True,ND1/NE2/ND1,,,0.3887623079634925,8.445179021847027,30.48270501664604,0,3.249473098764228,,1,3.312068420879894,138.55073454674394,THR79/OG1,3.312068420879894,THR79/OG1,19,39,0.3275862068965517,0.0,explicit,ok,False,0.0017874875868917578,5035
fold_r6_c_id30_model_3.cif,True,ND1/ND1/ND1,,,0.393702007214465,14.978339367419908,37.8568335997838,2,2.790253657735865,HIS120/CE1,0,99.0,-1.0,,4.545570658849324,THR79/OG1,18,36,0.3333333333333333,0.0,explicit,ok,False,0.0,5035
fold_r6_c_id30_model_4.cif,True,ND1/NE2/ND1,,,0.2863813592424955,23.83990829612694,49.620720149097146,2,2.66644520506914,HIS120/CE1,1,2.66644520506914,92.30899485465673,GLU118/OE2,4.3891163355426395,THR79/OG1,22,36,0.3793103448275862,0.0,explicit,ok,False,0.0,5036
fold_r6_c_id31_model_0.cif,True,ND1/NE2/ND1,,,0.10029691606238575,12.59670439092375,18.093627475840226,0,3.5055080657802393,,0,99.0,-1.0,,4.791342785324793,THR79/OG1,14,39,0.2641509433962264,0.0,explicit,ok,False,0.003768345894486315,5042
fold_r6_c_id31_model_1.cif,True,ND1/NE2/ND1,,,0.13650160998863317,11.189145355820628,17.00862381355097,0,3.5532748273832038,,0,99.0,-1.0,,9.84215637641852,THR79/OG1,13,37,0.26,0.0,explicit,ok,False,0.021609833465503568,5044
fold_r6_c_id31_model_2.cif,True,ND1/NE2/ND1,,,0.11760481656069115,10.025934320916615,17.194785585714072,0,3.522029183217432,,0,99.0,-1.0,,5.276057214908572,THR79/OG1,16,31,0.3404255319148936,0.0,explicit,ok,False,0.052182539682539685,5040
fold_r6_c_id31_model_3.cif,True,ND1/NE2/ND1,,,0.13826225011437662,10.224270664629735,15.612462620182626,0,3.521740953403973,,0,99.0,-1.0,,7.84604385307263,THR79/OG1,13,37,0.26,0.0,explicit,ok,False,0.030784508440913606,5035
fold_r6_c_id31_model_4.cif,True,ND1/NE2/ND1,,,0.1361431432725843,10.793138317332444,17.923388973060426,0,3.5166075203810006,,0,99.0,-1.0,,5.923878484571026,THR79/OG1,17,37,0.3148148148148148,0.0078125,explicit,ok,False,0.028769841269841268,5040
fold_r6_c_id33_model_0.cif,True,ND1/NE2/ND1,,,0.20598882663801976,12.46564684730443,21.753949645087044,0,3.4761534123189257,,0,99.0,-1.0,,4.793526977665275,THR79/OG1,11,40,0.21568627450980393,0.0,explicit,ok,False,0.031101426307448495,5048
fold_r6_c_id33_model_1.cif,True,ND1/NE2/ND1,,,0.23812258316635804,14.175523189525286,19.61777454450981,0,3.325155678302528,,0,99.0,-1.0,,7.137029198830198,THR79/OG1,13,36,0.2653061224489796,0.0078125,explicit,ok,False,0.0,5038
fold_r6_c_id33_model_2.cif,True,ND1/NE2/ND1,,,0.23722479595014548,14.907672403897633,19.326923752781173,2,2.36628199508171,SER77/O,0,99.0,-1.0,,7.164343454319207,THR79/OG1,13,38,0.2549019607843137,0.0,explicit,ok,False,0.0,5044
fold_r6_c_id33_model_3.cif,True,ND1/NE2/ND1,,,0.18207182846073058,12.390110470041789,19.355894050744155,0,3.398546453485085,,0,99.0,-1.0,,5.347712309943101,THR79/OG1,13,42,0.23636363636363636,0.0078125,explicit,ok,False,0.0017864231838030965,5038
fold_r6_c_id33_model_4.cif,True,ND1/NE2/ND1,,,0.16711469926075978,14.572672963018906,19.290061835341614,0,3.356492932130943,,0,99.0,-1.0,,6.719054654246715,THR79/OG1,12,42,0.2222222222222222,0.0,explicit,ok,False,0.0021847070506454814,5035
fold_r6_c_id37_model_0.cif,True,ND1/NE2/ND1,,,0.25267884281922315,12.833147394613501,20.80105608674964,1,3.1555521102755257,HIS97/CD2,0,99.0,-1.0,,4.11434410427087,THR79/OG1,11,48,0.1864406779661017,0.0,explicit,ok,False,0.0029791459781529296,5035
fold_r6_c_id37_model_1.cif,True,ND1/NE2/ND1,,,0.20609819587568928,9.181267200106511,21.460588922649183,0,3.290689211929651,,0,99.0,-1.0,,3.882844849860077,THR79/OG1,9,44,0.16981132075471697,0.0,explicit,ok,False,0.041930379746835444,5056
fold_r6_c_id37_model_2.cif,True,ND1/NE2/ND1,,,0.17968929236358472,16.482496107439015,26.563934114316663,1,2.2798673774596505,GLU8/OE1,0,99.0,-1.0,,4.032763961629125,THR79/OG1,11,41,0.21153846153846154,0.0,explicit,ok,False,0.04047619047619048,5040
fold_r6_c_id37_model_3.cif,True,ND1/NE2/ND1,,,0.27763171965448535,19.14861982114879,28.202404713138616,2,1.884797967693388,GLU8/OE1,1,2.9461644949803953,134.7642551764288,GLU8/OE2,3.9559614805482695,THR79/OG1,13,44,0.22807017543859648,0.0,explicit,ok,False,0.07649623464130004,5046
fold_r6_c_id37_model_4.cif,True,ND1/ND1/ND1,,,0.7311437193287111,23.016509544136955,37.22581920066266,3,1.6956408091373665,GLU8/OE2,0,99.0,-1.0,,4.069799612785548,THR79/OG1,14,40,0.25925925925925924,0.0,explicit,ok,False,0.012914762567057422,5033
fold_r6_c_id45_model_0.cif,True,ND1/NE2/ND1,,,0.10659525088276113,14.828465616984753,34.68134024030754,1,2.006160308036074,HIS120/CE1,0,99.0,-1.0,,6.140708220173542,THR79/OG1,16,42,0.27586206896551724,0.0,explicit,ok,False,0.0,5043
fold_r6_c_id45_model_1.cif,True,ND1/NE2/ND1,,,0.09913793384713016,15.93179723840884,35.87804433608623,2,1.8428173491223634,HIS120/CE1,0,99.0,-1.0,,4.878193142158686,THR79/OG1,15,40,0.2727272727272727,0.0,explicit,ok,False,0.008162452717499503,5023
fold_r6_c_id45_model_2.cif,True,ND1/NE2/ND1,,,0.10301133566935146,13.381059282557533,36.393136185863646,1,1.8946778113203335,HIS120/CE1,0,99.0,-1.0,,5.11811834335941,THR79/OG1,19,46,0.2923076923076923,0.0,explicit,ok,False,0.0,5036
fold_r6_c_id45_model_3.cif,True,ND1/NE2/ND1,,,0.10854020541724262,16.02122182238824,32.86291440077105,3,1.5059915376252315,HIS120/CE1,1,2.942862898512003,121.33186473056168,THR79/OG1,2.942862898512003,THR79/OG1,20,38,0.3448275862068966,0.0,explicit,ok,False,0.0,5043
fold_r6_c_id45_model_4.cif,True,ND1/NE2/ND1,,,0.11737319042365675,14.872115369546286,34.81706683155989,1,1.9341851300759267,HIS120/CE1,1,2.846017229698775,135.17829576687618,THR79/OG1,2.846017229698775,THR79/OG1,16,41,0.2807017543859649,0.0,explicit,ok,False,0.005558864403414731,5037
fold_r6_c_id48_model_0.cif,True,ND1/NE2/ND1,,,1.6743572474127537,42.768915456248294,32.51906682529474,6,1.0666333172561848,GLU8/OE2,2,2.834780550596583,119.31745821422034,GLU8/OE1,4.4265513444815685,THR79/OG1,12,32,0.2727272727272727,0.0,explicit,ok,False,0.0,5041
fold_r6_c_id48_model_1.cif,True,ND1/NE2/ND1,,,0.5070723662710265,11.327955449914702,34.93162242412587,1,3.0762104136783632,HIS120/CE1,1,3.170234528766726,137.29727192393798,THR79/OG1,3.170234528766726,THR79/OG1,13,32,0.28888888888888886,0.0078125,explicit,ok,False,0.011503371677905593,5042
fold_r6_c_id48_model_2.cif,True,ND1/NE2/ND1,,,0.924887981400742,25.881056767460585,32.1214807102787,1,2.273395253119056,GLU8/OE2,1,3.3424420441180707,129.66661398338576,THR79/N,4.789438341303929,THR79/OG1,14,36,0.28,0.0,explicit,ok,False,0.029370906925977377,5039
fold_r6_c_id48_model_3.cif,True,ND1/NE2/ND1,,,0.5537641841991167,24.23374980499146,34.22447660726341,0,3.283164302836502,,0,99.0,-1.0,,3.283164302836502,THR79/OG1,14,37,0.27450980392156865,0.0078125,explicit,ok,False,0.01926514399205561,5035
fold_r6_c_id48_model_4.cif,True,ND1/NE2/ND1,,,0.6259142101823124,11.916653594838083,33.831020570747796,1,3.017691405786125,THR79/OG1,0,99.0,-1.0,,3.017691405786125,THR79/OG1,13,36,0.2653061224489796,0.0078125,explicit,ok,False,0.06498910243709134,5047
fold_r6_c_id50_model_0.cif,True,ND1/NE2/NE2,,,0.0894110976602517,14.740538662662367,21.486470005845614,1,2.836632008087788,HIS97/CE1,2,2.836632008087788,112.6813587449078,THR79/OG1,2.836632008087788,THR79/OG1,14,40,0.25925925925925924,0.0078125,explicit,ok,False,0.043409316154608524,5045
fold_r6_c_id50_model_1.cif,True,ND1/NE2/NE2,,,0.7234728115014998,18.611760558395925,39.95079738104186,0,2.6725366731610176,,1,2.6725366731610176,114.08961499597656,THR79/OG1,2.6725366731610176,THR79/OG1,12,35,0.2553191489361702,0.0,explicit,ok,False,0.05033690051525961,5046
fold_r6_c_id50_model_2.cif,True,ND1/ND1/NE2,,,0.20297230037582845,8.858186818854383,29.14797003742422,2,2.493608772019712,THR79/OG1,1,3.3994582639006103,121.05358535850884,THR79/N,2.493608772019712,THR79/OG1,14,36,0.28,0.0,explicit,ok,False,0.05534616147589764,5041
fold_r6_c_id50_model_3.cif,True,ND1/ND1/NE2,,,0.17188626598291254,9.590178772223199,23.557004138278714,0,2.8955293119415346,,1,2.8955293119415346,136.16709971063395,THR79/OG1,2.8955293119415346,THR79/OG1,11,34,0.24444444444444444,0.0,explicit,ok,False,0.040292316808216475,5063
fold_r6_c_id50_model_4.cif,True,ND1/NE2/NE2,,,0.09614085308492777,11.396723980317894,17.293564713719665,0,2.51560074206358,,1,2.51560074206358,138.69380124554255,THR79/OG1,2.51560074206358,THR79/OG1,14,34,0.2916666666666667,0.0,explicit,ok,False,0.10414600277722674,5041
fold_r6_c_id5_model_0.cif,True,ND1/NE2/NE2,,,0.2556607900546673,11.899912524082412,19.80801354961662,0,3.2501103059361873,,0,99.0,-1.0,,15.143385078785409,THR79/OG1,19,25,0.4318181818181818,0.03125,explicit,ok,False,0.20095219202539177,5041
fold_r6_c_id5_model_1.cif,True,ND1/NE2/NE2,,,0.23439476076076918,8.633882954005832,22.25971498144776,1,2.505028550889195,ILE100/CD1,0,99.0,-1.0,,15.896251950964023,THR79/OG1,19,28,0.40425531914893614,0.0078125,explicit,ok,False,0.1867541766109785,5028
fold_r6_c_id5_model_2.cif,True,ND1/NE2/NE2,,,0.18515705347792993,2.0720674393722667,22.534166369416777,1,2.0831302465592167,ILE100/CD1,0,99.0,-1.0,,15.418935890371346,THR79/OG1,21,32,0.39622641509433965,0.0,explicit,ok,False,0.05673477484626066,5041
fold_r6_c_id5_model_3.cif,True,ND1/NE2/NE2,,,0.18759450341080075,20.982264087945772,25.83649869270252,3,1.782664536743569,ILE100/CD1,0,99.0,-1.0,,15.106406856795243,THR79/OG1,22,35,0.38596491228070173,0.0,explicit,ok,False,0.0,5050
fold_r6_c_id5_model_4.cif,True,ND1/ND1/NE2,,,0.6467246920069675,10.94730338879579,39.38602527817933,0,3.2718666531716423,,0,99.0,-1.0,,15.815970531987166,THR79/OG1,24,27,0.47058823529411764,0.046875,explicit,ok,False,0.13235585496334457,5047
fold_r6_c_id7_model_0.cif,True,ND1/NE2/NE2,,,0.1230799360401314,14.349834604585887,12.921913661578927,0,3.6588298510250277,,0,99.0,-1.0,,8.050073847172142,THR79/OG1,16,33,0.32653061224489793,0.0,explicit,ok,False,0.12120007947546195,5033
fold_r6_c_id7_model_1.cif,True,ND1/NE2/NE2,,,0.23798034885953068,15.118551121520454,28.576518436289565,0,3.791215799556745,,0,99.0,-1.0,,6.7692920623737685,THR79/OG1,19,34,0.3584905660377358,0.0,explicit,ok,False,0.049990081333068835,5041
fold_r6_c_id7_model_2.cif,True,ND1/NE2/NE2,,,0.4666947456317365,16.48906500043867,46.47377934281499,1,2.9083511172392287,HIS97/CE1,0,99.0,-1.0,,8.790538345271068,THR79/OG1,16,31,0.3404255319148936,0.0,explicit,ok,False,0.024855836150328096,5029
fold_r6_c_id7_model_3.cif,True,ND1/ND1/NE2,,,0.49538456910930856,7.764430051217862,39.67333397579201,1,2.672642709353168,HIS97/CE1,1,2.672642709353168,130.72946255700262,GLY78/O,7.14045378125971,THR79/OG1,19,39,0.3275862068965517,0.0,explicit,ok,False,0.0,5048
fold_r6_c_id7_model_4.cif,True,ND1/NE2/NE2,,,0.10072656226472422,8.313574615353343,18.815042797101427,1,2.3873242286057037,THR79/CG2,1,2.797345767080014,89.85996647479713,SER77/O,4.3206866307549205,THR79/OG1,18,36,0.3333333333333333,0.0,explicit,ok,False,0.0,5044
fold_r6_c_id8_model_0.cif,True,ND1/NE2/ND1,,,0.2602813985146602,6.519241751327305,25.125116535413884,0,3.2507112034696037,,0,99.0,-1.0,,4.3959559245699555,THR79/OG1,6,37,0.13953488372093023,0.0,explicit,ok,False,0.02439508131693772,5042
fold_r6_c_id8_model_1.cif,True,ND1/NE2/ND1,,,0.22540105226425644,13.680865796747723,23.48646984442102,0,3.596884694762218,,0,99.0,-1.0,,4.157504423181347,THR79/OG1,8,41,0.16326530612244897,0.0,explicit,ok,False,0.02461294164350933,5038
fold_r6_c_id8_model_2.cif,True,ND1/ND1/ND1,,,1.033434791977635,26.919890035415897,40.97031399300289,2,1.909484290706692,GLU8/OE1,1,2.457189956999247,117.2500706068746,GLU8/OE2,4.249595195324114,THR79/OG1,7,38,0.15555555555555556,0.0,explicit,ok,False,0.15183349851337957,5045
fold_r6_c_id8_model_3.cif,True,ND1/NE2/ND1,,,0.25954751143903304,10.464016121779592,27.19529627916498,0,3.377156910753855,,0,99.0,-1.0,,6.063577687952525,THR79/OG1,5,37,0.11904761904761904,0.015625,explicit,ok,False,0.0726767275615568,5036
fold_r6_c_id8_model_4.cif,True,ND1/NE2/ND1,,,0.21903998086579274,12.347850923849201,21.570401051917482,0,3.616614434521554,,0,99.0,-1.0,,4.244505180401039,THR79/OG1,7,42,0.14285714285714285,0.0,explicit,ok,False,0.026367961934972244,5044
fold_r6_c_id9_model_0.cif,True,ND1/NE2/ND1,,,0.08138210738730267,9.68609861494253,16.029925649282717,0,3.1599308906055006,,1,3.1599308906055006,124.65708180100808,SER77/OG,5.089237735034453,THR79/OG1,11,38,0.22448979591836735,0.0,explicit,ok,False,0.0,5050
fold_r6_c_id9_model_1.cif,True,ND1/NE2/ND1,,,0.11015359254590024,9.753384334120023,16.203247192214285,0,3.385001543275734,,0,99.0,-1.0,,5.521861366587167,THR79/OG1,12,41,0.22641509433962265,0.0,explicit,ok,False,0.0,5039
fold_r6_c_id9_model_2.cif,True,ND1/NE2/ND1,,,0.05664872910470968,11.020942220340764,17.633753067869446,0,3.3292618651645007,,0,99.0,-1.0,,4.506851661695804,THR79/OG1,13,38,0.2549019607843137,0.0,explicit,ok,False,0.03179018478044904,5033
fold_r6_c_id9_model_3.cif,True,ND1/NE2/ND1,,,0.1209864705919241,11.85670091372975,17.098451466426372,0,3.270001831881384,,0,99.0,-1.0,,6.882499453740519,THR79/OG1,11,38,0.22448979591836735,0.0078125,explicit,ok,False,0.011300555114988104,5044
fold_r6_c_id9_model_4.cif,True,ND1/NE2/ND1,,,0.10497843971146925,10.741601788359258,16.74224261538198,0,3.426196531977695,,0,99.0,-1.0,,4.434359061298516,THR79/OG1,11,40,0.21568627450980393,0.0,explicit,ok,False,0.0,5045
