model,cif,co2_open_frac,water_clash,join_point_rmsd,insertion_rmsd,num_residues,sc_clashes,chainbreaks,ligand_clashes
b1_m2,rfd3/r8_out/lean_co2_thr/rfd3_r8_lean_co2oh_thr-ca_mimic_r8_lean_co2oh_thr_designbatch_1/config_ca_mimic_r8_lean_co2oh_thr_0_model_2.cif,0.105,0,0.99,1.13,170,0,0,0
b0_m1,rfd3/r8_out/lean_co2_thr/rfd3_r8_lean_co2oh_thr-ca_mimic_r8_lean_co2oh_thr_designbatch_0/config_ca_mimic_r8_lean_co2oh_thr_0_model_1.cif,0.097,0,1.11,1.52,206,0,0,0
b1_m6,rfd3/r8_out/lean_co2_thr/rfd3_r8_lean_co2oh_thr-ca_mimic_r8_lean_co2oh_thr_designbatch_1/config_ca_mimic_r8_lean_co2oh_thr_0_model_6.cif,0.094,0,1.03,1.14,170,1,0,0
b0_m3,rfd3/r8_out/lean_co2_thr/rfd3_r8_lean_co2oh_thr-ca_mimic_r8_lean_co2oh_thr_designbatch_0/config_ca_mimic_r8_lean_co2oh_thr_0_model_3.cif,0.092,0,1.21,1.63,206,0,0,0
b1_m0,rfd3/r8_out/lean_co2_thr/rfd3_r8_lean_co2oh_thr-ca_mimic_r8_lean_co2oh_thr_designbatch_1/config_ca_mimic_r8_lean_co2oh_thr_0_model_0.cif,0.091,0,1.01,1.18,170,0,0,0
b1_m3,rfd3/r8_out/lean_co2_thr/rfd3_r8_lean_co2oh_thr-ca_mimic_r8_lean_co2oh_thr_designbatch_1/config_ca_mimic_r8_lean_co2oh_thr_0_model_3.cif,0.051,0,0.76,0.78,170,1,0,0
b0_m6,rfd3/r8_out/lean_co2_thr/rfd3_r8_lean_co2oh_thr-ca_mimic_r8_lean_co2oh_thr_designbatch_0/config_ca_mimic_r8_lean_co2oh_thr_0_model_6.cif,0.047,0,1.59,1.59,206,0,0,0
b0_m0,rfd3/r8_out/lean_co2_thr/rfd3_r8_lean_co2oh_thr-ca_mimic_r8_lean_co2oh_thr_designbatch_0/config_ca_mimic_r8_lean_co2oh_thr_0_model_0.cif,0.046,0,2.63,2.29,206,2,0,0
b1_m4,rfd3/r8_out/lean_co2_thr/rfd3_r8_lean_co2oh_thr-ca_mimic_r8_lean_co2oh_thr_designbatch_1/config_ca_mimic_r8_lean_co2oh_thr_0_model_4.cif,0.046,0,0.87,0.96,170,3,0,0
b0_m2,rfd3/r8_out/lean_co2_thr/rfd3_r8_lean_co2oh_thr-ca_mimic_r8_lean_co2oh_thr_designbatch_0/config_ca_mimic_r8_lean_co2oh_thr_0_model_2.cif,0.028,0,0.61,0.65,206,0,0,0
b1_m5,rfd3/r8_out/lean_co2_thr/rfd3_r8_lean_co2oh_thr-ca_mimic_r8_lean_co2oh_thr_designbatch_1/config_ca_mimic_r8_lean_co2oh_thr_0_model_5.cif,0.028,0,0.63,0.65,170,0,1,0
b1_m1,rfd3/r8_out/lean_co2_thr/rfd3_r8_lean_co2oh_thr-ca_mimic_r8_lean_co2oh_thr_designbatch_1/config_ca_mimic_r8_lean_co2oh_thr_0_model_1.cif,0.026,0,0.88,0.84,170,1,0,0
b0_m7,rfd3/r8_out/lean_co2_thr/rfd3_r8_lean_co2oh_thr-ca_mimic_r8_lean_co2oh_thr_designbatch_0/config_ca_mimic_r8_lean_co2oh_thr_0_model_7.cif,0.024,0,0.69,0.72,206,0,0,0
b0_m4,rfd3/r8_out/lean_co2_thr/rfd3_r8_lean_co2oh_thr-ca_mimic_r8_lean_co2oh_thr_designbatch_0/config_ca_mimic_r8_lean_co2oh_thr_0_model_4.cif,0.014,0,0.5,0.86,206,0,0,0
b1_m7,rfd3/r8_out/lean_co2_thr/rfd3_r8_lean_co2oh_thr-ca_mimic_r8_lean_co2oh_thr_designbatch_1/config_ca_mimic_r8_lean_co2oh_thr_0_model_7.cif,0.0,0,1.08,1.12,170,2,0,0
b0_m5,rfd3/r8_out/lean_co2_thr/rfd3_r8_lean_co2oh_thr-ca_mimic_r8_lean_co2oh_thr_designbatch_0/config_ca_mimic_r8_lean_co2oh_thr_0_model_5.cif,0.046,3,0.69,0.94,206,0,0,0
