pdb,ok,coord_rmsd_vs_ref,pair_dist_rmsd_vs_ref,metal_fit_residual,angle_rmsd,water_clash,water_min_dist,water_blocker,shell_hbond_n,shell_hbond_dist,shell_hbond_angle,shell_hbond_resid,pocket_hydrophobic,pocket_polar,pocket_ratio,escape_frac,metal_source,pass
orig_m0_renum.pdb,True,,,0.1546553537527857,11.896862004862157,4,0.8927907661786537,GLU83/OE2,2,0.8927907661786537,80.78329859013229,GLU83,6,24,0.2,0.0,explicit,False
orig_m1_renum.pdb,True,,,0.07250842961107785,11.115530302254031,0,3.600252721909955,,0,99.0,-1.0,,8,20,0.2857142857142857,0.2421875,explicit,True
orig_m2_renum.pdb,True,,,0.0659407259513149,8.320850920598986,0,3.472612547488979,,0,99.0,-1.0,,8,21,0.27586206896551724,0.28125,explicit,True
orig_m3_renum.pdb,True,,,0.08244662198474491,8.041641392332625,4,0.8909333531409347,GLU83/OE2,2,0.8909333531409347,91.86080685773891,GLU83,7,22,0.2413793103448276,0.0,explicit,False
orig_m4_renum.pdb,True,,,0.26564236824816806,16.484658090051468,4,0.33951932039918853,GLU83/OE2,2,0.33951932039918853,61.59002674091007,GLU83,5,19,0.20833333333333334,0.0,explicit,False
e83q_m0_renum.pdb,True,,,0.098306876053031,8.564798222355847,0,3.4471644006297417,,0,99.0,-1.0,,8,20,0.2857142857142857,0.28125,explicit,True
e83q_m1_renum.pdb,True,,,0.1290572718129192,5.981470454537206,0,3.325729557076887,,0,99.0,-1.0,,8,19,0.2962962962962963,0.2890625,explicit,True
e83q_m2_renum.pdb,True,,,0.0757013788508143,7.9558445138708,0,3.515179044558669,,0,99.0,-1.0,,8,19,0.2962962962962963,0.3125,explicit,True
e83q_m3_renum.pdb,True,,,0.12026200454818296,7.406686991971865,0,3.4053070604494704,,0,99.0,-1.0,,7,20,0.25925925925925924,0.328125,explicit,True
e83q_m4_renum.pdb,True,,,0.17414926412066556,15.418555966817369,4,1.1332716728098327,THR84/OG1,2,1.1332716728098327,82.69521127502857,THR84,7,22,0.2413793103448276,0.0,explicit,False
