pdb,zn_chain,zn_resi,lone_pair_dev,lp_max,zn_n_mean,zn_n_max,his1,his1_dist,his1_ang,his2,his2_dist,his2_ang,his3,his3_dist,his3_ang
1AF0,A,472,8.242,11.45,2.059,2.066,A186/NE2,2.052,11.45,A180/NE2,2.06,4.84,A176/NE2,2.066,8.44
1AST,A,999,10.164,13.53,2.076,2.189,A102/NE2,2.012,13.53,A92/NE2,2.027,6.76,A96/NE2,2.189,10.2
1ATL,A,401,10.876,14.61,2.044,2.071,A142/NE2,2.016,5.18,A152/NE2,2.046,12.84,A146/NE2,2.071,14.61
1ATL,B,402,10.18,13.39,2.035,2.074,B152/NE2,1.998,12.89,B142/NE2,2.034,4.26,B146/NE2,2.074,13.39
1B4L,A,155,16.276,24.52,2.069,2.16,A63/ND1,1.942,14.27,A80/ND1,2.106,24.52,A71/ND1,2.16,10.04
1B4T,A,155,17.608,22.03,2.078,2.122,A63/ND1,1.995,22.03,A80/ND1,2.117,15.54,A71/ND1,2.122,15.26
1BZS,A,998,19.718,24.06,2.192,2.227,A147/NE2,2.159,24.06,A162/NE2,2.189,14.06,A175/ND1,2.227,21.03
1BZS,A,999,20.799,25.75,2.157,2.177,A197/NE2,2.122,19.29,A207/NE2,2.172,25.75,A201/NE2,2.177,17.36
1CAI,A,262,12.894,20.76,2.131,2.201,A119/ND1,2.075,20.76,A96/NE2,2.118,7.29,A94/NE2,2.201,10.63
1CAM,A,262,7.606,10.3,2.163,2.219,A119/ND1,2.13,6.97,A94/NE2,2.141,5.55,A96/NE2,2.219,10.3
1CAQ,A,301,9.76,19.88,2.191,2.225,A201/NE2,2.162,19.88,A205/NE2,2.186,5.44,A211/NE2,2.225,3.97
1CAQ,A,302,11.849,17.71,2.169,2.223,A151/NE2,2.142,12.26,A166/NE2,2.142,5.58,A179/ND1,2.223,17.71
1CBJ,A,153,11.875,16.47,1.996,2.024,A61/ND1,1.964,7.39,A78/ND1,1.998,16.47,A69/ND1,2.024,11.76
1CBJ,B,153,12.518,15.5,1.984,2.042,B78/ND1,1.918,13.89,B61/ND1,1.993,8.17,B69/ND1,2.042,15.5
1CIL,A,262,6.721,8.52,2.023,2.078,A119/ND1,1.978,8.52,A94/NE2,2.013,5.12,A96/NE2,2.078,6.53
1CIZ,A,301,11.183,16.17,2.165,2.171,A211/NE2,2.155,8.17,A201/NE2,2.169,16.17,A205/NE2,2.171,9.21
1CIZ,A,302,7.417,12.13,2.163,2.216,A166/NE2,2.136,5.26,A151/NE2,2.138,12.13,A179/ND1,2.216,4.86
1CNI,A,1,9.99,14.14,1.967,2.036,A119/ND1,1.928,12.22,A96/NE2,1.936,3.61,A94/NE2,2.036,14.14
1CNJ,A,1,11.984,16.42,1.967,2.007,A119/ND1,1.919,13.5,A96/NE2,1.975,6.04,A94/NE2,2.007,16.42
1E4C,P,303,4.642,5.18,2.096,2.1,P155/NE2,2.093,4.48,P92/NE2,2.094,4.27,P94/NE2,2.1,5.18
1E9P,B,153,10.81,12.94,2.007,2.046,B78/ND1,1.987,12.94,B61/ND1,1.989,8.84,B69/ND1,2.046,10.65
1E9Q,B,153,11.722,14.73,2.044,2.107,B78/ND1,1.986,14.73,B61/ND1,2.039,12.17,B69/ND1,2.107,8.26
1F18,A,155,14.54,19.18,2.062,2.206,A71/ND1,1.986,13.48,A63/ND1,1.993,10.96,A80/ND1,2.206,19.18
1F1A,A,155,16.5,20.69,2.139,2.282,A63/ND1,1.923,19.62,A71/ND1,2.211,9.2,A80/ND1,2.282,20.69
1F1G,A,4002,11.88,23.01,2.0,2.03,A63/ND1,1.982,4.16,A71/ND1,1.988,8.47,A80/ND1,2.03,23.01
1F1G,B,4004,12.835,23.65,2.02,2.066,B226/ND1,1.993,10.34,B218/ND1,2.001,4.51,B235/ND1,2.066,23.65
1F1G,C,4006,9.997,21.74,2.014,2.039,C373/ND1,1.973,2.44,C390/ND1,2.03,21.74,C381/ND1,2.039,5.8
1F1G,D,4008,11.52,22.34,2.009,2.044,D536/ND1,1.981,8.71,D528/ND1,2.001,3.51,D545/ND1,2.044,22.34
1F1G,E,4010,10.811,21.73,2.016,2.021,E691/ND1,2.013,6.17,E700/ND1,2.014,21.73,E683/ND1,2.021,4.53
1F1G,F,4012,10.453,22.55,2.008,2.031,F846/ND1,1.982,6.53,F838/ND1,2.011,2.28,F855/ND1,2.031,22.55
1FLJ,A,262,11.911,17.72,1.968,2.119,A119/ND1,1.884,11.5,A94/NE2,1.902,6.51,A96/NE2,2.119,17.72
1FR2,B,301,6.601,8.63,2.029,2.047,B102/ND1,1.996,5.89,B131/NE2,2.045,5.28,B127/NE2,2.047,8.63
1FR7,A,262,21.314,39.65,2.184,2.232,A96/NE2,2.128,11.83,A119/ND1,2.193,12.46,A94/NE2,2.232,39.65
1FR7,B,263,21.315,39.62,2.184,2.233,B96/NE2,2.128,11.82,B119/ND1,2.192,12.5,B94/NE2,2.233,39.62
1FSJ,B,901,4.745,5.92,2.075,2.08,B131/NE2,2.069,2.43,B127/NE2,2.076,5.88,B102/ND1,2.08,5.92
1FSJ,C,902,4.859,5.38,2.08,2.093,C302/ND1,2.064,5.38,C331/NE2,2.082,4.82,C327/NE2,2.093,4.38
1FSJ,D,903,4.93,8.11,2.11,2.172,D531/NE2,2.077,3.03,D502/ND1,2.081,8.11,D527/NE2,2.172,3.64
1FSJ,E,904,5.696,8.0,2.105,2.141,E731/NE2,2.066,3.29,E702/ND1,2.108,8.0,E727/NE2,2.141,5.79
1G0E,A,262,10.231,12.39,2.084,2.133,A96/NE2,2.031,6.42,A119/ND1,2.087,11.89,A94/NE2,2.133,12.39
1G0F,A,262,9.154,10.52,2.085,2.102,A119/ND1,2.062,10.52,A96/NE2,2.091,7.05,A94/NE2,2.102,9.89
1G52,A,262,9.33,12.51,1.992,2.034,A96/NE2,1.966,4.85,A119/ND1,1.976,10.63,A94/NE2,2.034,12.51
1GVF,A,288,6.675,13.1,2.053,2.074,A180/NE2,2.039,13.1,A208/ND1,2.046,6.35,A83/NE2,2.074,0.58
1GVF,B,288,6.781,11.28,2.058,2.072,B180/NE2,2.042,11.28,B83/NE2,2.061,1.81,B208/ND1,2.072,7.25
