job	backbone	seq	length	seed	ligand_conf	overall_conf
r5_b1_m1_s1	b1_m1	seq1	len=173	seed=260913001	lig_conf=0.6839	overall=0.4798
r5_b1_m1_s2	b1_m1	seq2	len=173	seed=260913002	lig_conf=0.6979	overall=0.4727
r5_b1_m1_s3	b1_m1	seq3	len=173	seed=260913003	lig_conf=0.6819	overall=0.4770
r5_b1_m1_s4	b1_m1	seq4	len=173	seed=260913004	lig_conf=0.7350	overall=0.5035
r5_b1_m1_s5	b1_m1	seq5	len=173	seed=260913005	lig_conf=0.6945	overall=0.4711
r5_b1_m0_s1	b1_m0	seq1	len=173	seed=260913011	lig_conf=0.5498	overall=0.4640
r5_b1_m0_s2	b1_m0	seq2	len=173	seed=260913012	lig_conf=0.6419	overall=0.4802
r5_b1_m0_s3	b1_m0	seq3	len=173	seed=260913013	lig_conf=0.5970	overall=0.4580
r5_b1_m0_s4	b1_m0	seq4	len=173	seed=260913014	lig_conf=0.5073	overall=0.4535
r5_b1_m0_s5	b1_m0	seq5	len=173	seed=260913015	lig_conf=0.5604	overall=0.4589
r5_b0_m3_s1	b0_m3	seq1	len=214	seed=260913021	lig_conf=0.5211	overall=0.4262
r5_b0_m3_s2	b0_m3	seq2	len=214	seed=260913022	lig_conf=0.5271	overall=0.4541
r5_b0_m3_s3	b0_m3	seq3	len=214	seed=260913023	lig_conf=0.4741	overall=0.4455
r5_b0_m3_s4	b0_m3	seq4	len=214	seed=260913024	lig_conf=0.5123	overall=0.4632
r5_b0_m3_s5	b0_m3	seq5	len=214	seed=260913025	lig_conf=0.5755	overall=0.4616
r5_b1_m3_s1	b1_m3	seq1	len=173	seed=260913031	lig_conf=0.3637	overall=0.4084
r5_b1_m3_s2	b1_m3	seq2	len=173	seed=260913032	lig_conf=0.4249	overall=0.3953
r5_b1_m3_s3	b1_m3	seq3	len=173	seed=260913033	lig_conf=0.4448	overall=0.4141
r5_b1_m3_s4	b1_m3	seq4	len=173	seed=260913034	lig_conf=0.4117	overall=0.4071
r5_b1_m3_s5	b1_m3	seq5	len=173	seed=260913035	lig_conf=0.3919	overall=0.4133
r5_b0_m7_s1	b0_m7	seq1	len=214	seed=260913041	lig_conf=0.3849	overall=0.4050
r5_b0_m7_s2	b0_m7	seq2	len=214	seed=260913042	lig_conf=0.3769	overall=0.4137
r5_b0_m7_s3	b0_m7	seq3	len=214	seed=260913043	lig_conf=0.3431	overall=0.4337
r5_b0_m7_s4	b0_m7	seq4	len=214	seed=260913044	lig_conf=0.3784	overall=0.4139
r5_b0_m7_s5	b0_m7	seq5	len=214	seed=260913045	lig_conf=0.3379	overall=0.4190
r5_b1_m6_s1	b1_m6	seq1	len=173	seed=260913051	lig_conf=0.3993	overall=0.3991
r5_b1_m6_s2	b1_m6	seq2	len=173	seed=260913052	lig_conf=0.2815	overall=0.3598
r5_b1_m6_s3	b1_m6	seq3	len=173	seed=260913053	lig_conf=0.2994	overall=0.3842
r5_b1_m6_s4	b1_m6	seq4	len=173	seed=260913054	lig_conf=0.2804	overall=0.3949
r5_b1_m6_s5	b1_m6	seq5	len=173	seed=260913055	lig_conf=0.3361	overall=0.3913
